/*******************************************************************************
 * Size: 60 px
 * Bpp: 2
 * Opts: --font /fonts/Montserrat-SemiBold.ttf -o /fonts/font_arrow_data.c --no-compress --size 60 --bpp 2 --format lvgl --range 0x20-0x7F
 ******************************************************************************/

#ifdef LV_LVGL_H_INCLUDE_SIMPLE
#include "lvgl.h"
#else
#include "lvgl/lvgl.h"
#endif

#ifndef FONT_ARROW_DATA
#define FONT_ARROW_DATA 1
#endif

#if FONT_ARROW_DATA

/*-----------------
 *    BITMAPS
 *----------------*/

/*Store the image of the glyphs*/
static LV_ATTRIBUTE_LARGE_CONST const uint8_t glyph_bitmap[] = {
    /* U+0020 " " */

    /* U+0021 "!" */
    0x3f, 0xff, 0xf0, 0xff, 0xff, 0xc3, 0xff, 0xfe,
    0xf, 0xff, 0xf8, 0x3f, 0xff, 0xe0, 0xff, 0xff,
    0x82, 0xff, 0xfe, 0xb, 0xff, 0xf4, 0x2f, 0xff,
    0xd0, 0xbf, 0xff, 0x42, 0xff, 0xfd, 0x7, 0xff,
    0xf0, 0x1f, 0xff, 0xc0, 0x7f, 0xff, 0x1, 0xff,
    0xfc, 0x7, 0xff, 0xf0, 0xf, 0xff, 0xc0, 0x3f,
    0xff, 0x0, 0xff, 0xfc, 0x3, 0xff, 0xf0, 0xf,
    0xff, 0xc0, 0x3f, 0xfe, 0x0, 0xff, 0xf8, 0x3,
    0xff, 0xe0, 0xf, 0xff, 0x80, 0x3f, 0xfe, 0x0,
    0xbf, 0xf4, 0x2, 0xff, 0xd0, 0x6, 0xaa, 0x0,
    0x0, 0x0, 0x0, 0x0, 0x0, 0x0, 0x0, 0x0,
    0x0, 0x0, 0x0, 0x1, 0x50, 0x0, 0xbf, 0xf4,
    0xb, 0xff, 0xf4, 0x3f, 0xff, 0xf1, 0xff, 0xff,
    0xc7, 0xff, 0xff, 0x1f, 0xff, 0xfc, 0x3f, 0xff,
    0xe0, 0x3f, 0xff, 0x0, 0x2f, 0xe0, 0x0,

    /* U+0022 "\"" */
    0xbf, 0xfc, 0x0, 0xff, 0xf6, 0xff, 0xf0, 0x3,
    0xff, 0xdb, 0xff, 0xc0, 0xf, 0xff, 0x6f, 0xfe,
    0x0, 0x3f, 0xfd, 0xbf, 0xf8, 0x0, 0xff, 0xf5,
    0xff, 0xe0, 0x3, 0xff, 0xc7, 0xff, 0x80, 0xf,
    0xff, 0x1f, 0xfe, 0x0, 0x3f, 0xfc, 0x7f, 0xf8,
    0x0, 0xff, 0xf1, 0xff, 0xe0, 0x3, 0xff, 0xc7,
    0xff, 0x80, 0xf, 0xff, 0x1f, 0xfd, 0x0, 0x2f,
    0xfc, 0x7f, 0xf4, 0x0, 0xbf, 0xf1, 0xff, 0xd0,
    0x2, 0xff, 0xc3, 0xff, 0x40, 0xb, 0xff, 0xf,
    0xfd, 0x0, 0x2f, 0xfc, 0x3f, 0xf4, 0x0, 0xbf,
    0xf0,

    /* U+0023 "#" */
    0x0, 0x0, 0x0, 0xbf, 0xf0, 0x0, 0x0, 0xff,
    0xd0, 0x0, 0x0, 0x0, 0x0, 0x3f, 0xf8, 0x0,
    0x0, 0x3f, 0xf0, 0x0, 0x0, 0x0, 0x0, 0xf,
    0xfe, 0x0, 0x0, 0x1f, 0xfc, 0x0, 0x0, 0x0,
    0x0, 0x3, 0xff, 0x40, 0x0, 0x7, 0xff, 0x0,
    0x0, 0x0, 0x0, 0x0, 0xff, 0xd0, 0x0, 0x2,
    0xff, 0xc0, 0x0, 0x0, 0x0, 0x0, 0x7f, 0xf0,
    0x0, 0x0, 0xbf, 0xe0, 0x0, 0x0, 0x0, 0x0,
    0x1f, 0xfc, 0x0, 0x0, 0x3f, 0xf8, 0x0, 0x0,
    0x0, 0x0, 0xb, 0xff, 0x0, 0x0, 0xf, 0xfd,
    0x0, 0x0, 0x0, 0x0, 0x2, 0xff, 0xc0, 0x0,
    0x3, 0xff, 0x40, 0x0, 0x0, 0x0, 0x0, 0xff,
    0xe0, 0x0, 0x0, 0xff, 0xc0, 0x0, 0x0, 0xbf,
    0xff, 0xff, 0xff, 0xff, 0xff, 0xff, 0xff, 0xff,
    0xf0, 0x2f, 0xff, 0xff, 0xff, 0xff, 0xff, 0xff,
    0xff, 0xff, 0xfc, 0xb, 0xff, 0xff, 0xff, 0xff,
    0xff, 0xff, 0xff, 0xff, 0xff, 0x2, 0xff, 0xff,
    0xff, 0xff, 0xff, 0xff, 0xff, 0xff, 0xff, 0xd0,
    0xbf, 0xff, 0xff, 0xff, 0xff, 0xff, 0xff, 0xff,
    0xff, 0xf4, 0x1a, 0xaa, 0xbf, 0xfe, 0xaa, 0xaa,
    0xbf, 0xfe, 0xaa, 0xa8, 0x0, 0x0, 0xb, 0xff,
    0x0, 0x0, 0xf, 0xfd, 0x0, 0x0, 0x0, 0x0,
    0x2, 0xff, 0xc0, 0x0, 0x3, 0xff, 0x40, 0x0,
    0x0, 0x0, 0x0, 0xff, 0xe0, 0x0, 0x1, 0xff,
    0xc0, 0x0, 0x0, 0x0, 0x0, 0x3f, 0xf8, 0x0,
    0x0, 0x7f, 0xf0, 0x0, 0x0, 0x0, 0x0, 0xf,
    0xfd, 0x0, 0x0, 0x2f, 0xfc, 0x0, 0x0, 0x0,
    0x0, 0x3, 0xff, 0x40, 0x0, 0xb, 0xff, 0x0,
    0x0, 0x0, 0x0, 0x1, 0xff, 0xc0, 0x0, 0x2,
    0xff, 0x80, 0x0, 0x0, 0x0, 0x0, 0x7f, 0xf0,
    0x0, 0x0, 0xff, 0xe0, 0x0, 0x0, 0x0, 0x0,
    0x2f, 0xfc, 0x0, 0x0, 0x3f, 0xf4, 0x0, 0x0,
    0x0, 0x0, 0xb, 0xff, 0x0, 0x0, 0xf, 0xfd,
    0x0, 0x0, 0x0, 0x0, 0x3, 0xff, 0x80, 0x0,
    0x3, 0xff, 0x40, 0x0, 0x2, 0xff, 0xff, 0xff,
    0xff, 0xff, 0xff, 0xff, 0xff, 0xff, 0xd0, 0xbf,
    0xff, 0xff, 0xff, 0xff, 0xff, 0xff, 0xff, 0xff,
    0xf4, 0x2f, 0xff, 0xff, 0xff, 0xff, 0xff, 0xff,
    0xff, 0xff, 0xfd, 0xb, 0xff, 0xff, 0xff, 0xff,
    0xff, 0xff, 0xff, 0xff, 0xff, 0x42, 0xff, 0xff,
    0xff, 0xff, 0xff, 0xff, 0xff, 0xff, 0xff, 0xd0,
    0x6a, 0xaa, 0xff, 0xfa, 0xaa, 0xaa, 0xff, 0xfa,
    0xaa, 0xa0, 0x0, 0x0, 0x2f, 0xfc, 0x0, 0x0,
    0x3f, 0xf4, 0x0, 0x0, 0x0, 0x0, 0xf, 0xfe,
    0x0, 0x0, 0xf, 0xfd, 0x0, 0x0, 0x0, 0x0,
    0x3, 0xff, 0x80, 0x0, 0x7, 0xff, 0x0, 0x0,
    0x0, 0x0, 0x0, 0xff, 0xd0, 0x0, 0x1, 0xff,
    0xc0, 0x0, 0x0, 0x0, 0x0, 0x3f, 0xf4, 0x0,
    0x0, 0xbf, 0xf0, 0x0, 0x0, 0x0, 0x0, 0xf,
    0xfc, 0x0, 0x0, 0x2f, 0xfc, 0x0, 0x0, 0x0,
    0x0, 0x7, 0xff, 0x0, 0x0, 0xf, 0xfe, 0x0,
    0x0, 0x0, 0x0, 0x1, 0xff, 0xc0, 0x0, 0x3,
    0xff, 0x80, 0x0, 0x0, 0x0, 0x0, 0xbf, 0xf0,
    0x0, 0x0, 0xff, 0xd0, 0x0, 0x0, 0x0, 0x0,
    0x2f, 0xf8, 0x0, 0x0, 0x3f, 0xf4, 0x0, 0x0,
    0x0,

    /* U+0024 "$" */
    0x0, 0x0, 0x0, 0x1, 0x55, 0x0, 0x0, 0x0,
    0x0, 0x0, 0x0, 0x0, 0x3f, 0xe0, 0x0, 0x0,
    0x0, 0x0, 0x0, 0x0, 0x3, 0xfe, 0x0, 0x0,
    0x0, 0x0, 0x0, 0x0, 0x0, 0x3f, 0xe0, 0x0,
    0x0, 0x0, 0x0, 0x0, 0x0, 0x3, 0xfe, 0x0,
    0x0, 0x0, 0x0, 0x0, 0x0, 0x0, 0x3f, 0xe0,
    0x0, 0x0, 0x0, 0x0, 0x0, 0x0, 0x3, 0xfe,
    0x0, 0x0, 0x0, 0x0, 0x0, 0x0, 0x1, 0xbf,
    0xf5, 0x40, 0x0, 0x0, 0x0, 0x0, 0x1b, 0xff,
    0xff, 0xff, 0xe4, 0x0, 0x0, 0x0, 0x1f, 0xff,
    0xff, 0xff, 0xff, 0xf8, 0x0, 0x0, 0xf, 0xff,
    0xff, 0xff, 0xff, 0xff, 0xf8, 0x0, 0x7, 0xff,
    0xff, 0xff, 0xff, 0xff, 0xff, 0xe0, 0x1, 0xff,
    0xff, 0xff, 0xff, 0xff, 0xff, 0xfd, 0x0, 0x3f,
    0xff, 0xff, 0xff, 0xff, 0xff, 0xff, 0xc0, 0xb,
    0xff, 0xff, 0x97, 0xfe, 0x16, 0xff, 0xf8, 0x0,
    0xff, 0xff, 0xc0, 0x3f, 0xe0, 0x1, 0xff, 0x0,
    0x1f, 0xff, 0xf0, 0x3, 0xfe, 0x0, 0x0, 0xe0,
    0x2, 0xff, 0xfd, 0x0, 0x3f, 0xe0, 0x0, 0x0,
    0x0, 0x3f, 0xff, 0xc0, 0x3, 0xfe, 0x0, 0x0,
    0x0, 0x3, 0xff, 0xfc, 0x0, 0x3f, 0xe0, 0x0,
    0x0, 0x0, 0x3f, 0xff, 0xc0, 0x3, 0xfe, 0x0,
    0x0, 0x0, 0x3, 0xff, 0xfc, 0x0, 0x3f, 0xe0,
    0x0, 0x0, 0x0, 0x3f, 0xff, 0xf0, 0x3, 0xfe,
    0x0, 0x0, 0x0, 0x2, 0xff, 0xff, 0xd0, 0x3f,
    0xe0, 0x0, 0x0, 0x0, 0xf, 0xff, 0xff, 0xd7,
    0xfe, 0x0, 0x0, 0x0, 0x0, 0xbf, 0xff, 0xff,
    0xff, 0xe0, 0x0, 0x0, 0x0, 0x3, 0xff, 0xff,
    0xff, 0xff, 0x40, 0x0, 0x0, 0x0, 0xf, 0xff,
    0xff, 0xff, 0xff, 0xe4, 0x0, 0x0, 0x0, 0x3f,
    0xff, 0xff, 0xff, 0xff, 0xf8, 0x0, 0x0, 0x0,
    0x7f, 0xff, 0xff, 0xff, 0xff, 0xf8, 0x0, 0x0,
    0x0, 0x7f, 0xff, 0xff, 0xff, 0xff, 0xf0, 0x0,
    0x0, 0x0, 0x1b, 0xff, 0xff, 0xff, 0xff, 0xc0,
    0x0, 0x0, 0x0, 0x7, 0xff, 0xff, 0xff, 0xff,
    0x0, 0x0, 0x0, 0x0, 0x3f, 0xff, 0xff, 0xff,
    0xf8, 0x0, 0x0, 0x0, 0x3, 0xfe, 0x1b, 0xff,
    0xff, 0xc0, 0x0, 0x0, 0x0, 0x3f, 0xe0, 0x1f,
    0xff, 0xfd, 0x0, 0x0, 0x0, 0x3, 0xfe, 0x0,
    0x3f, 0xff, 0xd0, 0x0, 0x0, 0x0, 0x3f, 0xe0,
    0x1, 0xff, 0xfe, 0x0, 0x0, 0x0, 0x3, 0xfe,
    0x0, 0xf, 0xff, 0xe0, 0x0, 0x0, 0x0, 0x3f,
    0xe0, 0x0, 0xff, 0xfe, 0x6, 0x0, 0x0, 0x3,
    0xfe, 0x0, 0x1f, 0xff, 0xd0, 0xfd, 0x0, 0x0,
    0x3f, 0xe0, 0x3, 0xff, 0xfd, 0x1f, 0xfd, 0x0,
    0x3, 0xfe, 0x0, 0xbf, 0xff, 0xc3, 0xff, 0xfe,
    0x40, 0x3f, 0xe0, 0x7f, 0xff, 0xf8, 0x3f, 0xff,
    0xff, 0xeb, 0xff, 0xbf, 0xff, 0xff, 0xb, 0xff,
    0xff, 0xff, 0xff, 0xff, 0xff, 0xff, 0xd0, 0x7f,
    0xff, 0xff, 0xff, 0xff, 0xff, 0xff, 0xf4, 0x0,
    0xff, 0xff, 0xff, 0xff, 0xff, 0xff, 0xfd, 0x0,
    0x1, 0xff, 0xff, 0xff, 0xff, 0xff, 0xff, 0x0,
    0x0, 0x0, 0xbf, 0xff, 0xff, 0xff, 0xfe, 0x40,
    0x0, 0x0, 0x0, 0x1b, 0xff, 0xff, 0xf9, 0x0,
    0x0, 0x0, 0x0, 0x0, 0x0, 0x3f, 0xe0, 0x0,
    0x0, 0x0, 0x0, 0x0, 0x0, 0x3, 0xfe, 0x0,
    0x0, 0x0, 0x0, 0x0, 0x0, 0x0, 0x3f, 0xe0,
    0x0, 0x0, 0x0, 0x0, 0x0, 0x0, 0x3, 0xfe,
    0x0, 0x0, 0x0, 0x0, 0x0, 0x0, 0x0, 0x3f,
    0xe0, 0x0, 0x0, 0x0, 0x0, 0x0, 0x0, 0x3,
    0xfe, 0x0, 0x0, 0x0, 0x0, 0x0, 0x0, 0x0,
    0x3f, 0xe0, 0x0, 0x0, 0x0,

    /* U+0025 "%" */
    0x0, 0x0, 0x15, 0x40, 0x0, 0x0, 0x0, 0x0,
    0x0, 0x0, 0x0, 0x0, 0x0, 0x1, 0xff, 0xff,
    0x40, 0x0, 0x0, 0x0, 0x0, 0x3f, 0xf8, 0x0,
    0x0, 0x3, 0xff, 0xff, 0xfc, 0x0, 0x0, 0x0,
    0x0, 0x3f, 0xfc, 0x0, 0x0, 0x3, 0xff, 0xff,
    0xff, 0xc0, 0x0, 0x0, 0x0, 0x1f, 0xfd, 0x0,
    0x0, 0x3, 0xff, 0xff, 0xff, 0xfc, 0x0, 0x0,
    0x0, 0xf, 0xfe, 0x0, 0x0, 0x1, 0xff, 0xe0,
    0xb, 0xff, 0x40, 0x0, 0x0, 0xf, 0xff, 0x0,
    0x0, 0x0, 0xff, 0xd0, 0x0, 0x7f, 0xf0, 0x0,
    0x0, 0x7, 0xff, 0x40, 0x0, 0x0, 0x7f, 0xf0,
    0x0, 0xf, 0xfd, 0x0, 0x0, 0x3, 0xff, 0x80,
    0x0, 0x0, 0x2f, 0xf4, 0x0, 0x1, 0xff, 0x80,
    0x0, 0x3, 0xff, 0xc0, 0x0, 0x0, 0xf, 0xfc,
    0x0, 0x0, 0x3f, 0xf0, 0x0, 0x1, 0xff, 0xd0,
    0x0, 0x0, 0x3, 0xff, 0x0, 0x0, 0xf, 0xfc,
    0x0, 0x0, 0xff, 0xe0, 0x0, 0x0, 0x0, 0xff,
    0xc0, 0x0, 0x3, 0xff, 0x0, 0x0, 0xff, 0xf0,
    0x0, 0x0, 0x0, 0x3f, 0xf0, 0x0, 0x0, 0xff,
    0xc0, 0x0, 0x7f, 0xf4, 0x0, 0x0, 0x0, 0xf,
    0xfc, 0x0, 0x0, 0x3f, 0xf0, 0x0, 0x3f, 0xf8,
    0x0, 0x0, 0x0, 0x3, 0xff, 0x0, 0x0, 0xf,
    0xfc, 0x0, 0x3f, 0xfc, 0x0, 0x0, 0x0, 0x0,
    0xbf, 0xc0, 0x0, 0x3, 0xfe, 0x0, 0x1f, 0xfd,
    0x0, 0x0, 0x0, 0x0, 0x1f, 0xf8, 0x0, 0x2,
    0xff, 0x80, 0xf, 0xfe, 0x0, 0x0, 0x0, 0x0,
    0x3, 0xff, 0x0, 0x0, 0xff, 0xc0, 0xf, 0xff,
    0x0, 0x0, 0x0, 0x0, 0x0, 0xbf, 0xf0, 0x0,
    0xff, 0xe0, 0x7, 0xff, 0x40, 0x0, 0x0, 0x0,
    0x0, 0xf, 0xff, 0x96, 0xff, 0xf0, 0x3, 0xff,
    0x80, 0x0, 0x0, 0x0, 0x0, 0x1, 0xff, 0xff,
    0xff, 0xf4, 0x3, 0xff, 0xc0, 0x0, 0x4, 0x0,
    0x0, 0x0, 0x2f, 0xff, 0xff, 0xf8, 0x1, 0xff,
    0xd0, 0x1, 0xff, 0xfd, 0x0, 0x0, 0x1, 0xff,
    0xff, 0xf4, 0x0, 0xff, 0xe0, 0x3, 0xff, 0xff,
    0xf4, 0x0, 0x0, 0x6, 0xff, 0x90, 0x0, 0xff,
    0xf0, 0x7, 0xff, 0xff, 0xff, 0x40, 0x0, 0x0,
    0x0, 0x0, 0x0, 0x7f, 0xf4, 0x3, 0xff, 0xff,
    0xff, 0xf0, 0x0, 0x0, 0x0, 0x0, 0x0, 0x3f,
    0xf8, 0x3, 0xff, 0xd0, 0x1f, 0xff, 0x0, 0x0,
    0x0, 0x0, 0x0, 0x3f, 0xfc, 0x1, 0xff, 0xc0,
    0x0, 0xff, 0xd0, 0x0, 0x0, 0x0, 0x0, 0x1f,
    0xfd, 0x0, 0xbf, 0xd0, 0x0, 0x1f, 0xfc, 0x0,
    0x0, 0x0, 0x0, 0xf, 0xfe, 0x0, 0x3f, 0xf0,
    0x0, 0x3, 0xff, 0x0, 0x0, 0x0, 0x0, 0xf,
    0xff, 0x0, 0xf, 0xf8, 0x0, 0x0, 0xbf, 0xd0,
    0x0, 0x0, 0x0, 0x7, 0xff, 0x40, 0x7, 0xfd,
    0x0, 0x0, 0x1f, 0xf4, 0x0, 0x0, 0x0, 0x3,
    0xff, 0x80, 0x1, 0xff, 0x40, 0x0, 0x7, 0xfe,
    0x0, 0x0, 0x0, 0x3, 0xff, 0xc0, 0x0, 0x7f,
    0xd0, 0x0, 0x1, 0xff, 0x80, 0x0, 0x0, 0x1,
    0xff, 0xd0, 0x0, 0x1f, 0xf4, 0x0, 0x0, 0x7f,
    0xe0, 0x0, 0x0, 0x0, 0xff, 0xe0, 0x0, 0x7,
    0xfe, 0x0, 0x0, 0x1f, 0xf4, 0x0, 0x0, 0x0,
    0xff, 0xf0, 0x0, 0x0, 0xff, 0x80, 0x0, 0xb,
    0xfd, 0x0, 0x0, 0x0, 0x7f, 0xf4, 0x0, 0x0,
    0x3f, 0xf0, 0x0, 0x3, 0xff, 0x0, 0x0, 0x0,
    0x3f, 0xf8, 0x0, 0x0, 0xb, 0xfe, 0x0, 0x2,
    0xff, 0xc0, 0x0, 0x0, 0x3f, 0xfc, 0x0, 0x0,
    0x0, 0xff, 0xd0, 0x1, 0xff, 0xd0, 0x0, 0x0,
    0x1f, 0xfd, 0x0, 0x0, 0x0, 0x2f, 0xfe, 0x56,
    0xff, 0xf0, 0x0, 0x0, 0xf, 0xfe, 0x0, 0x0,
    0x0, 0x3, 0xff, 0xff, 0xff, 0xf0, 0x0, 0x0,
    0xf, 0xff, 0x0, 0x0, 0x0, 0x0, 0x3f, 0xff,
    0xff, 0xf0, 0x0, 0x0, 0x7, 0xff, 0x40, 0x0,
    0x0, 0x0, 0x2, 0xff, 0xff, 0xe0, 0x0, 0x0,
    0x3, 0xff, 0x80, 0x0, 0x0, 0x0, 0x0, 0xb,
    0xff, 0x80, 0x0,

    /* U+0026 "&" */
    0x0, 0x0, 0x0, 0x1, 0x55, 0x40, 0x0, 0x0,
    0x0, 0x0, 0x0, 0x0, 0x1, 0xbf, 0xff, 0xfd,
    0x0, 0x0, 0x0, 0x0, 0x0, 0x0, 0xf, 0xff,
    0xff, 0xff, 0xc0, 0x0, 0x0, 0x0, 0x0, 0x0,
    0x7f, 0xff, 0xff, 0xff, 0xf4, 0x0, 0x0, 0x0,
    0x0, 0x1, 0xff, 0xff, 0xff, 0xff, 0xfc, 0x0,
    0x0, 0x0, 0x0, 0x3, 0xff, 0xff, 0xff, 0xff,
    0xff, 0x0, 0x0, 0x0, 0x0, 0xb, 0xff, 0xf9,
    0x0, 0xbf, 0xff, 0x40, 0x0, 0x0, 0x0, 0xf,
    0xff, 0xe0, 0x0, 0x1f, 0xff, 0x80, 0x0, 0x0,
    0x0, 0x1f, 0xff, 0xc0, 0x0, 0xf, 0xff, 0xc0,
    0x0, 0x0, 0x0, 0x1f, 0xff, 0x40, 0x0, 0xb,
    0xff, 0xc0, 0x0, 0x0, 0x0, 0x1f, 0xff, 0x40,
    0x0, 0xb, 0xff, 0xc0, 0x0, 0x0, 0x0, 0x1f,
    0xff, 0x40, 0x0, 0xb, 0xff, 0xc0, 0x0, 0x0,
    0x0, 0x1f, 0xff, 0xc0, 0x0, 0x1f, 0xff, 0x80,
    0x0, 0x0, 0x0, 0xf, 0xff, 0xd0, 0x0, 0x3f,
    0xff, 0x0, 0x0, 0x0, 0x0, 0xf, 0xff, 0xf0,
    0x1, 0xff, 0xfe, 0x0, 0x0, 0x0, 0x0, 0x7,
    0xff, 0xfc, 0xb, 0xff, 0xfc, 0x0, 0x0, 0x0,
    0x0, 0x2, 0xff, 0xff, 0x7f, 0xff, 0xf4, 0x0,
    0x0, 0x0, 0x0, 0x0, 0xff, 0xff, 0xff, 0xff,
    0xd0, 0x0, 0x0, 0x0, 0x0, 0x0, 0x3f, 0xff,
    0xff, 0xff, 0x0, 0x0, 0x0, 0x0, 0x0, 0x0,
    0x1f, 0xff, 0xff, 0xf8, 0x0, 0x0, 0x0, 0x0,
    0x0, 0x0, 0x2f, 0xff, 0xff, 0xd0, 0x0, 0x0,
    0x0, 0x0, 0x0, 0x1, 0xff, 0xff, 0xff, 0x80,
    0x0, 0x0, 0x0, 0x0, 0x0, 0xb, 0xff, 0xff,
    0xff, 0xf0, 0x0, 0x0, 0x0, 0x0, 0x0, 0x2f,
    0xff, 0xff, 0xff, 0xfc, 0x0, 0x2, 0xf4, 0x0,
    0x0, 0xff, 0xff, 0xe7, 0xff, 0xff, 0x0, 0x3,
    0xff, 0xd0, 0x2, 0xff, 0xff, 0x41, 0xff, 0xff,
    0xc0, 0x3, 0xff, 0xe0, 0xb, 0xff, 0xfc, 0x0,
    0x7f, 0xff, 0xf0, 0x7, 0xff, 0xd0, 0xf, 0xff,
    0xe0, 0x0, 0x1f, 0xff, 0xfc, 0xb, 0xff, 0xc0,
    0x2f, 0xff, 0xc0, 0x0, 0x7, 0xff, 0xff, 0xf,
    0xff, 0x80, 0x3f, 0xff, 0x40, 0x0, 0x1, 0xff,
    0xff, 0xef, 0xff, 0x40, 0x7f, 0xff, 0x0, 0x0,
    0x0, 0x3f, 0xff, 0xff, 0xff, 0x0, 0x7f, 0xff,
    0x0, 0x0, 0x0, 0xf, 0xff, 0xff, 0xfe, 0x0,
    0xbf, 0xff, 0x0, 0x0, 0x0, 0x3, 0xff, 0xff,
    0xfc, 0x0, 0xbf, 0xff, 0x0, 0x0, 0x0, 0x0,
    0xff, 0xff, 0xf8, 0x0, 0x7f, 0xff, 0x40, 0x0,
    0x0, 0x0, 0x3f, 0xff, 0xf0, 0x0, 0x3f, 0xff,
    0xc0, 0x0, 0x0, 0x0, 0x7f, 0xff, 0xfc, 0x0,
    0x3f, 0xff, 0xf0, 0x0, 0x0, 0x2, 0xff, 0xff,
    0xff, 0x0, 0x1f, 0xff, 0xfe, 0x40, 0x0, 0x6f,
    0xff, 0xff, 0xff, 0xc0, 0xf, 0xff, 0xff, 0xff,
    0xff, 0xff, 0xff, 0xff, 0xff, 0xf0, 0x3, 0xff,
    0xff, 0xff, 0xff, 0xff, 0xff, 0xef, 0xff, 0xfc,
    0x0, 0xff, 0xff, 0xff, 0xff, 0xff, 0xff, 0x43,
    0xff, 0xf8, 0x0, 0x2f, 0xff, 0xff, 0xff, 0xff,
    0xfc, 0x0, 0xff, 0xe0, 0x0, 0x7, 0xff, 0xff,
    0xff, 0xff, 0xd0, 0x0, 0x3f, 0xc0, 0x0, 0x0,
    0x6f, 0xff, 0xff, 0xf4, 0x0, 0x0, 0xf, 0x0,
    0x0, 0x0, 0x0, 0x55, 0x54, 0x0, 0x0, 0x0,
    0x0, 0x0,

    /* U+0027 "'" */
    0xbf, 0xfe, 0xff, 0xfb, 0xff, 0xef, 0xfe, 0xbf,
    0xf9, 0xff, 0xe7, 0xff, 0x9f, 0xfe, 0x7f, 0xf9,
    0xff, 0xe7, 0xff, 0x9f, 0xfd, 0x7f, 0xf5, 0xff,
    0xd3, 0xff, 0x4f, 0xfd, 0x3f, 0xf4,

    /* U+0028 "(" */
    0x0, 0x0, 0x0, 0x0, 0x0, 0xf, 0xff, 0xc0,
    0x0, 0xbf, 0xfe, 0x0, 0x3, 0xff, 0xf0, 0x0,
    0x2f, 0xff, 0x80, 0x0, 0xff, 0xfc, 0x0, 0xb,
    0xff, 0xf0, 0x0, 0x3f, 0xff, 0x40, 0x1, 0xff,
    0xfc, 0x0, 0xf, 0xff, 0xe0, 0x0, 0x3f, 0xff,
    0x40, 0x1, 0xff, 0xfc, 0x0, 0xf, 0xff, 0xe0,
    0x0, 0x3f, 0xff, 0x40, 0x1, 0xff, 0xfc, 0x0,
    0x7, 0xff, 0xf0, 0x0, 0x2f, 0xff, 0x80, 0x0,
    0xff, 0xfd, 0x0, 0x3, 0xff, 0xf4, 0x0, 0xf,
    0xff, 0xc0, 0x0, 0x7f, 0xff, 0x0, 0x2, 0xff,
    0xfc, 0x0, 0xb, 0xff, 0xf0, 0x0, 0x2f, 0xff,
    0x80, 0x0, 0xff, 0xfe, 0x0, 0x3, 0xff, 0xf8,
    0x0, 0xf, 0xff, 0xd0, 0x0, 0x3f, 0xff, 0x40,
    0x0, 0xff, 0xfd, 0x0, 0x3, 0xff, 0xf4, 0x0,
    0xf, 0xff, 0xd0, 0x0, 0x3f, 0xff, 0x40, 0x0,
    0xff, 0xfe, 0x0, 0x3, 0xff, 0xf8, 0x0, 0xf,
    0xff, 0xe0, 0x0, 0x2f, 0xff, 0x80, 0x0, 0xbf,
    0xff, 0x0, 0x1, 0xff, 0xfc, 0x0, 0x7, 0xff,
    0xf0, 0x0, 0xf, 0xff, 0xc0, 0x0, 0x3f, 0xff,
    0x40, 0x0, 0xff, 0xfe, 0x0, 0x2, 0xff, 0xf8,
    0x0, 0x7, 0xff, 0xf0, 0x0, 0xf, 0xff, 0xc0,
    0x0, 0x3f, 0xff, 0x40, 0x0, 0xbf, 0xfe, 0x0,
    0x1, 0xff, 0xfc, 0x0, 0x3, 0xff, 0xf4, 0x0,
    0xb, 0xff, 0xe0, 0x0, 0x1f, 0xff, 0xc0, 0x0,
    0x3f, 0xff, 0x40, 0x0, 0xbf, 0xff, 0x0, 0x0,
    0xff, 0xfd, 0x0, 0x2, 0xff, 0xf8, 0x0, 0x3,
    0xff, 0xf0, 0x0, 0xb, 0xff, 0xe0, 0x0, 0xf,
    0xff, 0xc0,

    /* U+0029 ")" */
    0x0, 0x0, 0x0, 0x1, 0xff, 0xfc, 0x0, 0x3,
    0xff, 0xf4, 0x0, 0x7, 0xff, 0xf0, 0x0, 0xf,
    0xff, 0xe0, 0x0, 0x1f, 0xff, 0xc0, 0x0, 0x3f,
    0xff, 0x40, 0x0, 0xbf, 0xff, 0x0, 0x0, 0xff,
    0xfd, 0x0, 0x3, 0xff, 0xf8, 0x0, 0x7, 0xff,
    0xf0, 0x0, 0xf, 0xff, 0xd0, 0x0, 0x3f, 0xff,
    0x80, 0x0, 0xbf, 0xff, 0x0, 0x1, 0xff, 0xfc,
    0x0, 0x3, 0xff, 0xf4, 0x0, 0xf, 0xff, 0xe0,
    0x0, 0x2f, 0xff, 0x80, 0x0, 0x7f, 0xff, 0x0,
    0x1, 0xff, 0xfc, 0x0, 0x3, 0xff, 0xf0, 0x0,
    0xf, 0xff, 0xd0, 0x0, 0x3f, 0xff, 0x40, 0x0,
    0xff, 0xfe, 0x0, 0x2, 0xff, 0xf8, 0x0, 0xb,
    0xff, 0xe0, 0x0, 0x2f, 0xff, 0x80, 0x0, 0xbf,
    0xfe, 0x0, 0x2, 0xff, 0xfc, 0x0, 0xb, 0xff,
    0xf0, 0x0, 0x2f, 0xff, 0x80, 0x0, 0xbf, 0xfe,
    0x0, 0x2, 0xff, 0xf8, 0x0, 0xb, 0xff, 0xe0,
    0x0, 0x3f, 0xff, 0x80, 0x0, 0xff, 0xfd, 0x0,
    0x3, 0xff, 0xf4, 0x0, 0xf, 0xff, 0xd0, 0x0,
    0x3f, 0xff, 0x0, 0x1, 0xff, 0xfc, 0x0, 0x7,
    0xff, 0xf0, 0x0, 0x2f, 0xff, 0x80, 0x0, 0xff,
    0xfd, 0x0, 0x3, 0xff, 0xf4, 0x0, 0x1f, 0xff,
    0xc0, 0x0, 0xbf, 0xff, 0x0, 0x3, 0xff, 0xf4,
    0x0, 0xf, 0xff, 0xc0, 0x0, 0x7f, 0xff, 0x0,
    0x3, 0xff, 0xf8, 0x0, 0xf, 0xff, 0xc0, 0x0,
    0xbf, 0xff, 0x0, 0x3, 0xff, 0xf4, 0x0, 0x1f,
    0xff, 0xc0, 0x0, 0xff, 0xfd, 0x0, 0x7, 0xff,
    0xf0, 0x0, 0x3f, 0xff, 0x40, 0x1, 0xff, 0xf8,
    0x0, 0x0,

    /* U+002A "*" */
    0x0, 0x0, 0x5, 0x54, 0x0, 0x0, 0x0, 0x0,
    0xf, 0xfc, 0x0, 0x0, 0x0, 0x0, 0xf, 0xfc,
    0x0, 0x0, 0x0, 0x0, 0xf, 0xf8, 0x0, 0x0,
    0x2, 0x0, 0xf, 0xf8, 0x0, 0x20, 0x7, 0xd0,
    0xf, 0xf8, 0x1, 0xf4, 0xf, 0xfd, 0xf, 0xf8,
    0x1f, 0xfc, 0x2f, 0xff, 0x8b, 0xf8, 0xbf, 0xfd,
    0x2f, 0xff, 0xff, 0xff, 0xff, 0xfe, 0x7, 0xff,
    0xff, 0xff, 0xff, 0xf4, 0x0, 0x7f, 0xff, 0xff,
    0xff, 0x40, 0x0, 0xb, 0xff, 0xff, 0xf8, 0x0,
    0x0, 0x2, 0xff, 0xff, 0xe0, 0x0, 0x0, 0x1f,
    0xff, 0xff, 0xfd, 0x0, 0x1, 0xff, 0xff, 0xff,
    0xff, 0xd0, 0xb, 0xff, 0xff, 0xff, 0xff, 0xf8,
    0x3f, 0xff, 0xef, 0xfe, 0xff, 0xff, 0x1f, 0xff,
    0xb, 0xf8, 0x3f, 0xfc, 0xb, 0xf4, 0xf, 0xf8,
    0x7, 0xf8, 0x3, 0x80, 0xf, 0xf8, 0x0, 0xb0,
    0x0, 0x0, 0xf, 0xf8, 0x0, 0x0, 0x0, 0x0,
    0xf, 0xf8, 0x0, 0x0, 0x0, 0x0, 0xf, 0xfc,
    0x0, 0x0, 0x0, 0x0, 0xf, 0xfc, 0x0, 0x0,

    /* U+002B "+" */
    0x0, 0x0, 0x0, 0x55, 0x50, 0x0, 0x0, 0x0,
    0x0, 0x0, 0x7f, 0xfc, 0x0, 0x0, 0x0, 0x0,
    0x0, 0x1f, 0xff, 0x0, 0x0, 0x0, 0x0, 0x0,
    0x7, 0xff, 0xc0, 0x0, 0x0, 0x0, 0x0, 0x1,
    0xff, 0xf0, 0x0, 0x0, 0x0, 0x0, 0x0, 0x7f,
    0xfc, 0x0, 0x0, 0x0, 0x0, 0x0, 0x1f, 0xff,
    0x0, 0x0, 0x0, 0x0, 0x0, 0x7, 0xff, 0xc0,
    0x0, 0x0, 0x0, 0x0, 0x1, 0xff, 0xf0, 0x0,
    0x0, 0x0, 0x0, 0x0, 0x7f, 0xfc, 0x0, 0x0,
    0x0, 0x0, 0x0, 0x1f, 0xff, 0x0, 0x0, 0x0,
    0xff, 0xff, 0xff, 0xff, 0xff, 0xff, 0xfe, 0x3f,
    0xff, 0xff, 0xff, 0xff, 0xff, 0xff, 0x8f, 0xff,
    0xff, 0xff, 0xff, 0xff, 0xff, 0xe3, 0xff, 0xff,
    0xff, 0xff, 0xff, 0xff, 0xf8, 0xff, 0xff, 0xff,
    0xff, 0xff, 0xff, 0xfe, 0x3f, 0xff, 0xff, 0xff,
    0xff, 0xff, 0xff, 0x80, 0x0, 0x0, 0xbf, 0xfc,
    0x0, 0x0, 0x0, 0x0, 0x0, 0x1f, 0xff, 0x0,
    0x0, 0x0, 0x0, 0x0, 0x7, 0xff, 0xc0, 0x0,
    0x0, 0x0, 0x0, 0x1, 0xff, 0xf0, 0x0, 0x0,
    0x0, 0x0, 0x0, 0x7f, 0xfc, 0x0, 0x0, 0x0,
    0x0, 0x0, 0x1f, 0xff, 0x0, 0x0, 0x0, 0x0,
    0x0, 0x7, 0xff, 0xc0, 0x0, 0x0, 0x0, 0x0,
    0x1, 0xff, 0xf0, 0x0, 0x0, 0x0, 0x0, 0x0,
    0x7f, 0xfc, 0x0, 0x0, 0x0, 0x0, 0x0, 0x1f,
    0xff, 0x0, 0x0, 0x0, 0x0, 0x0, 0x7, 0xff,
    0xc0, 0x0, 0x0,

    /* U+002C "," */
    0x2, 0xfd, 0x0, 0x3f, 0xff, 0x3, 0xff, 0xfe,
    0xf, 0xff, 0xfc, 0x7f, 0xff, 0xf1, 0xff, 0xff,
    0xc7, 0xff, 0xff, 0xf, 0xff, 0xfc, 0xf, 0xff,
    0xe0, 0xf, 0xff, 0x0, 0x3f, 0xfc, 0x0, 0xff,
    0xd0, 0x7, 0xff, 0x0, 0x2f, 0xfc, 0x0, 0xff,
    0xd0, 0x3, 0xff, 0x0, 0x1f, 0xf8, 0x0, 0xbf,
    0xd0, 0x3, 0xff, 0x0, 0x0,

    /* U+002D "-" */
    0x15, 0x55, 0x55, 0x55, 0x6f, 0xff, 0xff, 0xff,
    0xfb, 0xff, 0xff, 0xff, 0xfe, 0xff, 0xff, 0xff,
    0xff, 0xbf, 0xff, 0xff, 0xff, 0xef, 0xff, 0xff,
    0xff, 0xfb, 0xff, 0xff, 0xff, 0xfc,

    /* U+002E "." */
    0x0, 0x0, 0x0, 0x1f, 0xf8, 0x1, 0xff, 0xfc,
    0xf, 0xff, 0xf8, 0x7f, 0xff, 0xf2, 0xff, 0xff,
    0xcb, 0xff, 0xff, 0x1f, 0xff, 0xfc, 0x3f, 0xff,
    0xe0, 0x3f, 0xff, 0x0, 0x2f, 0xd0, 0x0,

    /* U+002F "/" */
    0x0, 0x0, 0x0, 0x0, 0x0, 0xaa, 0xa4, 0x0,
    0x0, 0x0, 0x0, 0x7, 0xff, 0xd0, 0x0, 0x0,
    0x0, 0x0, 0x2f, 0xff, 0x0, 0x0, 0x0, 0x0,
    0x0, 0xff, 0xf8, 0x0, 0x0, 0x0, 0x0, 0x7,
    0xff, 0xd0, 0x0, 0x0, 0x0, 0x0, 0x2f, 0xff,
    0x0, 0x0, 0x0, 0x0, 0x0, 0xff, 0xf8, 0x0,
    0x0, 0x0, 0x0, 0x7, 0xff, 0xd0, 0x0, 0x0,
    0x0, 0x0, 0x3f, 0xff, 0x0, 0x0, 0x0, 0x0,
    0x0, 0xff, 0xf8, 0x0, 0x0, 0x0, 0x0, 0x7,
    0xff, 0xd0, 0x0, 0x0, 0x0, 0x0, 0x3f, 0xff,
    0x0, 0x0, 0x0, 0x0, 0x0, 0xff, 0xf8, 0x0,
    0x0, 0x0, 0x0, 0x7, 0xff, 0xc0, 0x0, 0x0,
    0x0, 0x0, 0x3f, 0xff, 0x0, 0x0, 0x0, 0x0,
    0x0, 0xff, 0xf8, 0x0, 0x0, 0x0, 0x0, 0xb,
    0xff, 0xc0, 0x0, 0x0, 0x0, 0x0, 0x3f, 0xff,
    0x0, 0x0, 0x0, 0x0, 0x0, 0xff, 0xf8, 0x0,
    0x0, 0x0, 0x0, 0xb, 0xff, 0xc0, 0x0, 0x0,
    0x0, 0x0, 0x3f, 0xff, 0x0, 0x0, 0x0, 0x0,
    0x0, 0xff, 0xf4, 0x0, 0x0, 0x0, 0x0, 0xb,
    0xff, 0xc0, 0x0, 0x0, 0x0, 0x0, 0x3f, 0xff,
    0x0, 0x0, 0x0, 0x0, 0x1, 0xff, 0xf4, 0x0,
    0x0, 0x0, 0x0, 0xb, 0xff, 0xc0, 0x0, 0x0,
    0x0, 0x0, 0x3f, 0xff, 0x0, 0x0, 0x0, 0x0,
    0x1, 0xff, 0xf4, 0x0, 0x0, 0x0, 0x0, 0xb,
    0xff, 0xc0, 0x0, 0x0, 0x0, 0x0, 0x3f, 0xfe,
    0x0, 0x0, 0x0, 0x0, 0x1, 0xff, 0xf4, 0x0,
    0x0, 0x0, 0x0, 0xb, 0xff, 0xc0, 0x0, 0x0,
    0x0, 0x0, 0x3f, 0xfe, 0x0, 0x0, 0x0, 0x0,
    0x1, 0xff, 0xf4, 0x0, 0x0, 0x0, 0x0, 0xb,
    0xff, 0xc0, 0x0, 0x0, 0x0, 0x0, 0x3f, 0xfe,
    0x0, 0x0, 0x0, 0x0, 0x1, 0xff, 0xf4, 0x0,
    0x0, 0x0, 0x0, 0xb, 0xff, 0xc0, 0x0, 0x0,
    0x0, 0x0, 0x3f, 0xfe, 0x0, 0x0, 0x0, 0x0,
    0x1, 0xff, 0xf4, 0x0, 0x0, 0x0, 0x0, 0xf,
    0xff, 0xc0, 0x0, 0x0, 0x0, 0x0, 0x3f, 0xfe,
    0x0, 0x0, 0x0, 0x0, 0x1, 0xff, 0xf4, 0x0,
    0x0, 0x0, 0x0, 0xf, 0xff, 0xc0, 0x0, 0x0,
    0x0, 0x0, 0x3f, 0xfe, 0x0, 0x0, 0x0, 0x0,
    0x1, 0xff, 0xf0, 0x0, 0x0, 0x0, 0x0, 0xf,
    0xff, 0xc0, 0x0, 0x0, 0x0, 0x0, 0x3f, 0xfe,
    0x0, 0x0, 0x0, 0x0, 0x2, 0xff, 0xf0, 0x0,
    0x0, 0x0, 0x0, 0xf, 0xff, 0xc0, 0x0, 0x0,
    0x0, 0x0, 0x3f, 0xfe, 0x0, 0x0, 0x0, 0x0,
    0x2, 0xff, 0xf0, 0x0, 0x0, 0x0, 0x0, 0xf,
    0xff, 0xc0, 0x0, 0x0, 0x0, 0x0, 0x7f, 0xfd,
    0x0, 0x0, 0x0, 0x0, 0x2, 0xff, 0xf0, 0x0,
    0x0, 0x0, 0x0, 0xf, 0xff, 0xc0, 0x0, 0x0,
    0x0, 0x0, 0x7f, 0xfd, 0x0, 0x0, 0x0, 0x0,
    0x2, 0xff, 0xf0, 0x0, 0x0, 0x0, 0x0, 0x0,

    /* U+0030 "0" */
    0x0, 0x0, 0x0, 0x1, 0x55, 0x40, 0x0, 0x0,
    0x0, 0x0, 0x0, 0x0, 0xbf, 0xff, 0xfe, 0x40,
    0x0, 0x0, 0x0, 0x0, 0xb, 0xff, 0xff, 0xff,
    0xf4, 0x0, 0x0, 0x0, 0x0, 0x7f, 0xff, 0xff,
    0xff, 0xfe, 0x0, 0x0, 0x0, 0x2, 0xff, 0xff,
    0xff, 0xff, 0xff, 0xc0, 0x0, 0x0, 0xb, 0xff,
    0xff, 0xff, 0xff, 0xff, 0xf0, 0x0, 0x0, 0x2f,
    0xff, 0xff, 0xff, 0xff, 0xff, 0xfc, 0x0, 0x0,
    0x7f, 0xff, 0xff, 0x96, 0xbf, 0xff, 0xfe, 0x0,
    0x0, 0xff, 0xff, 0xf4, 0x0, 0xb, 0xff, 0xff,
    0x40, 0x1, 0xff, 0xff, 0x80, 0x0, 0x1, 0xff,
    0xff, 0xc0, 0x3, 0xff, 0xfe, 0x0, 0x0, 0x0,
    0x7f, 0xff, 0xd0, 0x7, 0xff, 0xfc, 0x0, 0x0,
    0x0, 0x2f, 0xff, 0xf0, 0xf, 0xff, 0xf4, 0x0,
    0x0, 0x0, 0xf, 0xff, 0xf0, 0xf, 0xff, 0xf0,
    0x0, 0x0, 0x0, 0xb, 0xff, 0xf8, 0x1f, 0xff,
    0xe0, 0x0, 0x0, 0x0, 0x3, 0xff, 0xfc, 0x2f,
    0xff, 0xc0, 0x0, 0x0, 0x0, 0x3, 0xff, 0xfc,
    0x3f, 0xff, 0xc0, 0x0, 0x0, 0x0, 0x2, 0xff,
    0xfc, 0x3f, 0xff, 0xc0, 0x0, 0x0, 0x0, 0x1,
    0xff, 0xfd, 0x3f, 0xff, 0x80, 0x0, 0x0, 0x0,
    0x1, 0xff, 0xfe, 0x3f, 0xff, 0x80, 0x0, 0x0,
    0x0, 0x1, 0xff, 0xfe, 0x7f, 0xff, 0x80, 0x0,
    0x0, 0x0, 0x0, 0xff, 0xfe, 0x7f, 0xff, 0x80,
    0x0, 0x0, 0x0, 0x0, 0xff, 0xfe, 0x7f, 0xff,
    0x80, 0x0, 0x0, 0x0, 0x0, 0xff, 0xfe, 0x7f,
    0xff, 0x80, 0x0, 0x0, 0x0, 0x0, 0xff, 0xfe,
    0x7f, 0xff, 0x80, 0x0, 0x0, 0x0, 0x0, 0xff,
    0xfe, 0x3f, 0xff, 0x80, 0x0, 0x0, 0x0, 0x1,
    0xff, 0xfe, 0x3f, 0xff, 0x80, 0x0, 0x0, 0x0,
    0x1, 0xff, 0xfe, 0x3f, 0xff, 0xc0, 0x0, 0x0,
    0x0, 0x1, 0xff, 0xfd, 0x3f, 0xff, 0xc0, 0x0,
    0x0, 0x0, 0x2, 0xff, 0xfc, 0x2f, 0xff, 0xc0,
    0x0, 0x0, 0x0, 0x3, 0xff, 0xfc, 0x1f, 0xff,
    0xe0, 0x0, 0x0, 0x0, 0x3, 0xff, 0xfc, 0xf,
    0xff, 0xf0, 0x0, 0x0, 0x0, 0xb, 0xff, 0xf8,
    0xf, 0xff, 0xf4, 0x0, 0x0, 0x0, 0xf, 0xff,
    0xf0, 0x7, 0xff, 0xfc, 0x0, 0x0, 0x0, 0x2f,
    0xff, 0xf0, 0x3, 0xff, 0xfe, 0x0, 0x0, 0x0,
    0x7f, 0xff, 0xd0, 0x1, 0xff, 0xff, 0x80, 0x0,
    0x1, 0xff, 0xff, 0xc0, 0x0, 0xff, 0xff, 0xf4,
    0x0, 0xb, 0xff, 0xff, 0x40, 0x0, 0x7f, 0xff,
    0xff, 0x96, 0xbf, 0xff, 0xfe, 0x0, 0x0, 0x2f,
    0xff, 0xff, 0xff, 0xff, 0xff, 0xfc, 0x0, 0x0,
    0xb, 0xff, 0xff, 0xff, 0xff, 0xff, 0xf0, 0x0,
    0x0, 0x2, 0xff, 0xff, 0xff, 0xff, 0xff, 0xc0,
    0x0, 0x0, 0x0, 0x7f, 0xff, 0xff, 0xff, 0xfe,
    0x0, 0x0, 0x0, 0x0, 0xb, 0xff, 0xff, 0xff,
    0xf4, 0x0, 0x0, 0x0, 0x0, 0x0, 0xbf, 0xff,
    0xfe, 0x40, 0x0, 0x0, 0x0, 0x0, 0x0, 0x1,
    0x55, 0x40, 0x0, 0x0, 0x0,

    /* U+0031 "1" */
    0xbf, 0xff, 0xff, 0xff, 0xcb, 0xff, 0xff, 0xff,
    0xfc, 0xbf, 0xff, 0xff, 0xff, 0xcb, 0xff, 0xff,
    0xff, 0xfc, 0xbf, 0xff, 0xff, 0xff, 0xcb, 0xff,
    0xff, 0xff, 0xfc, 0x6a, 0xaa, 0xbf, 0xff, 0xc0,
    0x0, 0x2, 0xff, 0xfc, 0x0, 0x0, 0x2f, 0xff,
    0xc0, 0x0, 0x2, 0xff, 0xfc, 0x0, 0x0, 0x2f,
    0xff, 0xc0, 0x0, 0x2, 0xff, 0xfc, 0x0, 0x0,
    0x2f, 0xff, 0xc0, 0x0, 0x2, 0xff, 0xfc, 0x0,
    0x0, 0x2f, 0xff, 0xc0, 0x0, 0x2, 0xff, 0xfc,
    0x0, 0x0, 0x2f, 0xff, 0xc0, 0x0, 0x2, 0xff,
    0xfc, 0x0, 0x0, 0x2f, 0xff, 0xc0, 0x0, 0x2,
    0xff, 0xfc, 0x0, 0x0, 0x2f, 0xff, 0xc0, 0x0,
    0x2, 0xff, 0xfc, 0x0, 0x0, 0x2f, 0xff, 0xc0,
    0x0, 0x2, 0xff, 0xfc, 0x0, 0x0, 0x2f, 0xff,
    0xc0, 0x0, 0x2, 0xff, 0xfc, 0x0, 0x0, 0x2f,
    0xff, 0xc0, 0x0, 0x2, 0xff, 0xfc, 0x0, 0x0,
    0x2f, 0xff, 0xc0, 0x0, 0x2, 0xff, 0xfc, 0x0,
    0x0, 0x2f, 0xff, 0xc0, 0x0, 0x2, 0xff, 0xfc,
    0x0, 0x0, 0x2f, 0xff, 0xc0, 0x0, 0x2, 0xff,
    0xfc, 0x0, 0x0, 0x2f, 0xff, 0xc0, 0x0, 0x2,
    0xff, 0xfc, 0x0, 0x0, 0x2f, 0xff, 0xc0, 0x0,
    0x2, 0xff, 0xfc, 0x0, 0x0, 0x2f, 0xff, 0xc0,
    0x0, 0x2, 0xff, 0xfc, 0x0, 0x0, 0x2f, 0xff,
    0xc0, 0x0, 0x2, 0xff, 0xfc, 0x0, 0x0, 0x2f,
    0xff, 0xc0,

    /* U+0032 "2" */
    0x0, 0x0, 0x0, 0x15, 0x55, 0x0, 0x0, 0x0,
    0x0, 0x0, 0x1, 0xff, 0xff, 0xff, 0x90, 0x0,
    0x0, 0x0, 0x6, 0xff, 0xff, 0xff, 0xff, 0xd0,
    0x0, 0x0, 0x3, 0xff, 0xff, 0xff, 0xff, 0xff,
    0xc0, 0x0, 0x1, 0xff, 0xff, 0xff, 0xff, 0xff,
    0xff, 0x0, 0x0, 0xbf, 0xff, 0xff, 0xff, 0xff,
    0xff, 0xfc, 0x0, 0x2f, 0xff, 0xff, 0xff, 0xff,
    0xff, 0xff, 0xe0, 0x7, 0xff, 0xff, 0xfe, 0x56,
    0xbf, 0xff, 0xff, 0x40, 0x1f, 0xff, 0xf4, 0x0,
    0x0, 0x7f, 0xff, 0xf8, 0x0, 0x3f, 0xf4, 0x0,
    0x0, 0x0, 0xff, 0xff, 0xc0, 0x0, 0xbc, 0x0,
    0x0, 0x0, 0x3, 0xff, 0xfc, 0x0, 0x2, 0x40,
    0x0, 0x0, 0x0, 0x3f, 0xff, 0xd0, 0x0, 0x0,
    0x0, 0x0, 0x0, 0x2, 0xff, 0xfd, 0x0, 0x0,
    0x0, 0x0, 0x0, 0x0, 0x1f, 0xff, 0xd0, 0x0,
    0x0, 0x0, 0x0, 0x0, 0x2, 0xff, 0xfd, 0x0,
    0x0, 0x0, 0x0, 0x0, 0x0, 0x2f, 0xff, 0xc0,
    0x0, 0x0, 0x0, 0x0, 0x0, 0x3, 0xff, 0xfc,
    0x0, 0x0, 0x0, 0x0, 0x0, 0x0, 0x7f, 0xff,
    0x80, 0x0, 0x0, 0x0, 0x0, 0x0, 0xf, 0xff,
    0xf4, 0x0, 0x0, 0x0, 0x0, 0x0, 0x2, 0xff,
    0xff, 0x0, 0x0, 0x0, 0x0, 0x0, 0x0, 0x7f,
    0xff, 0xd0, 0x0, 0x0, 0x0, 0x0, 0x0, 0x1f,
    0xff, 0xf8, 0x0, 0x0, 0x0, 0x0, 0x0, 0x7,
    0xff, 0xff, 0x0, 0x0, 0x0, 0x0, 0x0, 0x1,
    0xff, 0xff, 0xc0, 0x0, 0x0, 0x0, 0x0, 0x0,
    0x7f, 0xff, 0xf4, 0x0, 0x0, 0x0, 0x0, 0x0,
    0x1f, 0xff, 0xfd, 0x0, 0x0, 0x0, 0x0, 0x0,
    0x7, 0xff, 0xff, 0x40, 0x0, 0x0, 0x0, 0x0,
    0x1, 0xff, 0xff, 0xd0, 0x0, 0x0, 0x0, 0x0,
    0x0, 0x7f, 0xff, 0xf4, 0x0, 0x0, 0x0, 0x0,
    0x0, 0x1f, 0xff, 0xfd, 0x0, 0x0, 0x0, 0x0,
    0x0, 0x7, 0xff, 0xff, 0x40, 0x0, 0x0, 0x0,
    0x0, 0x2, 0xff, 0xff, 0xc0, 0x0, 0x0, 0x0,
    0x0, 0x0, 0xbf, 0xff, 0xf0, 0x0, 0x0, 0x0,
    0x0, 0x0, 0x2f, 0xff, 0xfc, 0x0, 0x0, 0x0,
    0x0, 0x0, 0xb, 0xff, 0xff, 0x0, 0x0, 0x0,
    0x0, 0x0, 0x2, 0xff, 0xff, 0xc0, 0x0, 0x0,
    0x0, 0x0, 0x0, 0xbf, 0xff, 0xf0, 0x0, 0x0,
    0x0, 0x0, 0x0, 0x2f, 0xff, 0xff, 0xaa, 0xaa,
    0xaa, 0xaa, 0xa8, 0xb, 0xff, 0xff, 0xff, 0xff,
    0xff, 0xff, 0xff, 0xc0, 0xff, 0xff, 0xff, 0xff,
    0xff, 0xff, 0xff, 0xfc, 0xf, 0xff, 0xff, 0xff,
    0xff, 0xff, 0xff, 0xff, 0xc0, 0xff, 0xff, 0xff,
    0xff, 0xff, 0xff, 0xff, 0xfc, 0xf, 0xff, 0xff,
    0xff, 0xff, 0xff, 0xff, 0xff, 0xc0, 0xff, 0xff,
    0xff, 0xff, 0xff, 0xff, 0xff, 0xfc,

    /* U+0033 "3" */
    0xf, 0xff, 0xff, 0xff, 0xff, 0xff, 0xff, 0xf8,
    0x3, 0xff, 0xff, 0xff, 0xff, 0xff, 0xff, 0xfe,
    0x0, 0xff, 0xff, 0xff, 0xff, 0xff, 0xff, 0xff,
    0x80, 0x3f, 0xff, 0xff, 0xff, 0xff, 0xff, 0xff,
    0xe0, 0xf, 0xff, 0xff, 0xff, 0xff, 0xff, 0xff,
    0xf8, 0x3, 0xff, 0xff, 0xff, 0xff, 0xff, 0xff,
    0xfe, 0x0, 0xaa, 0xaa, 0xaa, 0xaa, 0xab, 0xff,
    0xfe, 0x0, 0x0, 0x0, 0x0, 0x0, 0x2, 0xff,
    0xff, 0x0, 0x0, 0x0, 0x0, 0x0, 0x1, 0xff,
    0xff, 0x0, 0x0, 0x0, 0x0, 0x0, 0x0, 0xff,
    0xff, 0x40, 0x0, 0x0, 0x0, 0x0, 0x0, 0xff,
    0xff, 0x40, 0x0, 0x0, 0x0, 0x0, 0x0, 0xff,
    0xff, 0x80, 0x0, 0x0, 0x0, 0x0, 0x0, 0xbf,
    0xff, 0xc0, 0x0, 0x0, 0x0, 0x0, 0x0, 0x7f,
    0xff, 0xc0, 0x0, 0x0, 0x0, 0x0, 0x0, 0x7f,
    0xff, 0xc0, 0x0, 0x0, 0x0, 0x0, 0x0, 0x3f,
    0xff, 0xd0, 0x0, 0x0, 0x0, 0x0, 0x0, 0x3f,
    0xff, 0xe0, 0x0, 0x0, 0x0, 0x0, 0x0, 0x2f,
    0xff, 0xf0, 0x0, 0x0, 0x0, 0x0, 0x0, 0x1f,
    0xff, 0xff, 0xe4, 0x0, 0x0, 0x0, 0x0, 0x7,
    0xff, 0xff, 0xff, 0xd0, 0x0, 0x0, 0x0, 0x1,
    0xff, 0xff, 0xff, 0xff, 0x0, 0x0, 0x0, 0x0,
    0x7f, 0xff, 0xff, 0xff, 0xf0, 0x0, 0x0, 0x0,
    0x1f, 0xff, 0xff, 0xff, 0xff, 0x0, 0x0, 0x0,
    0x6, 0xab, 0xff, 0xff, 0xff, 0xe0, 0x0, 0x0,
    0x0, 0x0, 0x0, 0x7f, 0xff, 0xfc, 0x0, 0x0,
    0x0, 0x0, 0x0, 0x2, 0xff, 0xff, 0x80, 0x0,
    0x0, 0x0, 0x0, 0x0, 0x2f, 0xff, 0xf0, 0x0,
    0x0, 0x0, 0x0, 0x0, 0x3, 0xff, 0xfc, 0x0,
    0x0, 0x0, 0x0, 0x0, 0x0, 0xbf, 0xff, 0x40,
    0x0, 0x0, 0x0, 0x0, 0x0, 0x1f, 0xff, 0xd0,
    0x0, 0x0, 0x0, 0x0, 0x0, 0x7, 0xff, 0xf4,
    0x0, 0x0, 0x0, 0x0, 0x0, 0x2, 0xff, 0xfd,
    0x1, 0x0, 0x0, 0x0, 0x0, 0x0, 0xff, 0xff,
    0x0, 0xf0, 0x0, 0x0, 0x0, 0x0, 0x7f, 0xff,
    0xc0, 0xbf, 0x80, 0x0, 0x0, 0x0, 0x7f, 0xff,
    0xe0, 0x7f, 0xfe, 0x40, 0x0, 0x0, 0xbf, 0xff,
    0xf4, 0x3f, 0xff, 0xff, 0xa5, 0x6b, 0xff, 0xff,
    0xf8, 0x1f, 0xff, 0xff, 0xff, 0xff, 0xff, 0xff,
    0xfc, 0xb, 0xff, 0xff, 0xff, 0xff, 0xff, 0xff,
    0xfd, 0x0, 0xbf, 0xff, 0xff, 0xff, 0xff, 0xff,
    0xfd, 0x0, 0x3, 0xff, 0xff, 0xff, 0xff, 0xff,
    0xfc, 0x0, 0x0, 0xb, 0xff, 0xff, 0xff, 0xff,
    0xf4, 0x0, 0x0, 0x0, 0x1b, 0xff, 0xff, 0xff,
    0x90, 0x0, 0x0, 0x0, 0x0, 0x1, 0x55, 0x54,
    0x0, 0x0, 0x0,

    /* U+0034 "4" */
    0x0, 0x0, 0x0, 0x0, 0x0, 0xbf, 0xff, 0x80,
    0x0, 0x0, 0x0, 0x0, 0x0, 0x0, 0x7, 0xff,
    0xfc, 0x0, 0x0, 0x0, 0x0, 0x0, 0x0, 0x0,
    0x3f, 0xff, 0xc0, 0x0, 0x0, 0x0, 0x0, 0x0,
    0x0, 0x3, 0xff, 0xfd, 0x0, 0x0, 0x0, 0x0,
    0x0, 0x0, 0x0, 0x2f, 0xff, 0xe0, 0x0, 0x0,
    0x0, 0x0, 0x0, 0x0, 0x1, 0xff, 0xff, 0x0,
    0x0, 0x0, 0x0, 0x0, 0x0, 0x0, 0xf, 0xff,
    0xf4, 0x0, 0x0, 0x0, 0x0, 0x0, 0x0, 0x0,
    0xff, 0xff, 0x80, 0x0, 0x0, 0x0, 0x0, 0x0,
    0x0, 0xb, 0xff, 0xfc, 0x0, 0x0, 0x0, 0x0,
    0x0, 0x0, 0x0, 0x7f, 0xff, 0xc0, 0x0, 0x0,
    0x0, 0x0, 0x0, 0x0, 0x3, 0xff, 0xfd, 0x0,
    0x0, 0x0, 0x0, 0x0, 0x0, 0x0, 0x3f, 0xff,
    0xe0, 0x0, 0x0, 0x0, 0x0, 0x0, 0x0, 0x2,
    0xff, 0xff, 0x0, 0x0, 0x0, 0x0, 0x0, 0x0,
    0x0, 0x1f, 0xff, 0xf0, 0x0, 0x0, 0x0, 0x0,
    0x0, 0x0, 0x0, 0xff, 0xff, 0x40, 0x0, 0x0,
    0x0, 0x0, 0x0, 0x0, 0xf, 0xff, 0xf8, 0x0,
    0x0, 0x0, 0x0, 0x0, 0x0, 0x0, 0xbf, 0xff,
    0xc0, 0x0, 0x0, 0x0, 0x0, 0x0, 0x0, 0x7,
    0xff, 0xfc, 0x0, 0x1, 0x55, 0x40, 0x0, 0x0,
    0x0, 0x3f, 0xff, 0xd0, 0x0, 0x2f, 0xff, 0x80,
    0x0, 0x0, 0x3, 0xff, 0xfe, 0x0, 0x0, 0xbf,
    0xfe, 0x0, 0x0, 0x0, 0x2f, 0xff, 0xf0, 0x0,
    0x2, 0xff, 0xf8, 0x0, 0x0, 0x1, 0xff, 0xff,
    0x0, 0x0, 0xb, 0xff, 0xe0, 0x0, 0x0, 0xf,
    0xff, 0xf4, 0x0, 0x0, 0x2f, 0xff, 0x80, 0x0,
    0x0, 0xff, 0xff, 0x80, 0x0, 0x0, 0xbf, 0xfe,
    0x0, 0x0, 0xb, 0xff, 0xfc, 0x0, 0x0, 0x2,
    0xff, 0xf8, 0x0, 0x0, 0x7f, 0xff, 0xc0, 0x0,
    0x0, 0xb, 0xff, 0xe0, 0x0, 0x3, 0xff, 0xff,
    0xaa, 0xaa, 0xaa, 0xbf, 0xff, 0xea, 0xaa, 0x3f,
    0xff, 0xff, 0xff, 0xff, 0xff, 0xff, 0xff, 0xff,
    0xfc, 0xff, 0xff, 0xff, 0xff, 0xff, 0xff, 0xff,
    0xff, 0xff, 0xf3, 0xff, 0xff, 0xff, 0xff, 0xff,
    0xff, 0xff, 0xff, 0xff, 0xcf, 0xff, 0xff, 0xff,
    0xff, 0xff, 0xff, 0xff, 0xff, 0xff, 0x3f, 0xff,
    0xff, 0xff, 0xff, 0xff, 0xff, 0xff, 0xff, 0xfc,
    0xff, 0xff, 0xff, 0xff, 0xff, 0xff, 0xff, 0xff,
    0xff, 0xf0, 0x0, 0x0, 0x0, 0x0, 0x0, 0xf,
    0xff, 0xe0, 0x0, 0x0, 0x0, 0x0, 0x0, 0x0,
    0x0, 0x3f, 0xff, 0x80, 0x0, 0x0, 0x0, 0x0,
    0x0, 0x0, 0x0, 0xff, 0xfe, 0x0, 0x0, 0x0,
    0x0, 0x0, 0x0, 0x0, 0x3, 0xff, 0xf8, 0x0,
    0x0, 0x0, 0x0, 0x0, 0x0, 0x0, 0xf, 0xff,
    0xe0, 0x0, 0x0, 0x0, 0x0, 0x0, 0x0, 0x0,
    0x3f, 0xff, 0x80, 0x0, 0x0, 0x0, 0x0, 0x0,
    0x0, 0x0, 0xff, 0xfe, 0x0, 0x0, 0x0, 0x0,
    0x0, 0x0, 0x0, 0x3, 0xff, 0xf8, 0x0, 0x0,
    0x0, 0x0, 0x0, 0x0, 0x0, 0xf, 0xff, 0xe0,
    0x0, 0x0, 0x0, 0x0, 0x0, 0x0, 0x0, 0x3f,
    0xff, 0x80, 0x0, 0x0,

    /* U+0035 "5" */
    0x0, 0xf, 0xff, 0xff, 0xff, 0xff, 0xff, 0xf8,
    0x0, 0x0, 0xff, 0xff, 0xff, 0xff, 0xff, 0xff,
    0x80, 0x0, 0xf, 0xff, 0xff, 0xff, 0xff, 0xff,
    0xf8, 0x0, 0x1, 0xff, 0xff, 0xff, 0xff, 0xff,
    0xff, 0x80, 0x0, 0x1f, 0xff, 0xff, 0xff, 0xff,
    0xff, 0xf8, 0x0, 0x1, 0xff, 0xff, 0xff, 0xff,
    0xff, 0xff, 0x80, 0x0, 0x2f, 0xff, 0xea, 0xaa,
    0xaa, 0xaa, 0xa4, 0x0, 0x2, 0xff, 0xf8, 0x0,
    0x0, 0x0, 0x0, 0x0, 0x0, 0x2f, 0xff, 0x40,
    0x0, 0x0, 0x0, 0x0, 0x0, 0x3, 0xff, 0xf4,
    0x0, 0x0, 0x0, 0x0, 0x0, 0x0, 0x3f, 0xff,
    0x40, 0x0, 0x0, 0x0, 0x0, 0x0, 0x3, 0xff,
    0xf0, 0x0, 0x0, 0x0, 0x0, 0x0, 0x0, 0x3f,
    0xff, 0x0, 0x0, 0x0, 0x0, 0x0, 0x0, 0x3,
    0xff, 0xf0, 0x0, 0x0, 0x0, 0x0, 0x0, 0x0,
    0x7f, 0xff, 0x0, 0x0, 0x0, 0x0, 0x0, 0x0,
    0x7, 0xff, 0xf0, 0x0, 0x0, 0x0, 0x0, 0x0,
    0x0, 0x7f, 0xff, 0x0, 0x0, 0x0, 0x0, 0x0,
    0x0, 0xb, 0xff, 0xff, 0xff, 0xfa, 0x40, 0x0,
    0x0, 0x0, 0xbf, 0xff, 0xff, 0xff, 0xff, 0xd0,
    0x0, 0x0, 0xb, 0xff, 0xff, 0xff, 0xff, 0xff,
    0xd0, 0x0, 0x0, 0xff, 0xff, 0xff, 0xff, 0xff,
    0xff, 0xc0, 0x0, 0xf, 0xff, 0xff, 0xff, 0xff,
    0xff, 0xff, 0x0, 0x0, 0xff, 0xff, 0xff, 0xff,
    0xff, 0xff, 0xfc, 0x0, 0xa, 0xaa, 0xaa, 0xbf,
    0xff, 0xff, 0xff, 0xe0, 0x0, 0x0, 0x0, 0x0,
    0x0, 0x7f, 0xff, 0xff, 0x0, 0x0, 0x0, 0x0,
    0x0, 0x0, 0x3f, 0xff, 0xf4, 0x0, 0x0, 0x0,
    0x0, 0x0, 0x0, 0xff, 0xff, 0xc0, 0x0, 0x0,
    0x0, 0x0, 0x0, 0x7, 0xff, 0xfc, 0x0, 0x0,
    0x0, 0x0, 0x0, 0x0, 0x3f, 0xff, 0xc0, 0x0,
    0x0, 0x0, 0x0, 0x0, 0x2, 0xff, 0xfc, 0x0,
    0x0, 0x0, 0x0, 0x0, 0x0, 0x2f, 0xff, 0xc0,
    0x0, 0x0, 0x0, 0x0, 0x0, 0x3, 0xff, 0xfc,
    0x0, 0x0, 0x0, 0x0, 0x0, 0x0, 0x3f, 0xff,
    0xc0, 0x1e, 0x0, 0x0, 0x0, 0x0, 0xb, 0xff,
    0xf8, 0x3, 0xfd, 0x0, 0x0, 0x0, 0x2, 0xff,
    0xff, 0x40, 0xbf, 0xfe, 0x40, 0x0, 0x1, 0xff,
    0xff, 0xf0, 0xf, 0xff, 0xff, 0xe5, 0x5a, 0xff,
    0xff, 0xfd, 0x2, 0xff, 0xff, 0xff, 0xff, 0xff,
    0xff, 0xff, 0xc0, 0x3f, 0xff, 0xff, 0xff, 0xff,
    0xff, 0xff, 0xf0, 0x0, 0xff, 0xff, 0xff, 0xff,
    0xff, 0xff, 0xfc, 0x0, 0x1, 0xff, 0xff, 0xff,
    0xff, 0xff, 0xfe, 0x0, 0x0, 0x1, 0xbf, 0xff,
    0xff, 0xff, 0xff, 0x40, 0x0, 0x0, 0x0, 0x6f,
    0xff, 0xff, 0xfe, 0x0, 0x0, 0x0, 0x0, 0x0,
    0x1, 0x55, 0x50, 0x0, 0x0, 0x0,

    /* U+0036 "6" */
    0x0, 0x0, 0x0, 0x0, 0x5, 0x55, 0x40, 0x0,
    0x0, 0x0, 0x0, 0x0, 0x2f, 0xff, 0xff, 0xfd,
    0x0, 0x0, 0x0, 0x0, 0x1f, 0xff, 0xff, 0xff,
    0xff, 0x80, 0x0, 0x0, 0x3, 0xff, 0xff, 0xff,
    0xff, 0xff, 0xc0, 0x0, 0x0, 0xbf, 0xff, 0xff,
    0xff, 0xff, 0xfe, 0x0, 0x0, 0xb, 0xff, 0xff,
    0xff, 0xff, 0xff, 0xf0, 0x0, 0x0, 0xbf, 0xff,
    0xff, 0xff, 0xff, 0xff, 0x80, 0x0, 0xb, 0xff,
    0xff, 0xf9, 0x40, 0x5b, 0xfc, 0x0, 0x0, 0x7f,
    0xff, 0xfd, 0x0, 0x0, 0x1, 0xf0, 0x0, 0x3,
    0xff, 0xff, 0x80, 0x0, 0x0, 0x0, 0x0, 0x0,
    0x2f, 0xff, 0xf4, 0x0, 0x0, 0x0, 0x0, 0x0,
    0x0, 0xff, 0xff, 0x80, 0x0, 0x0, 0x0, 0x0,
    0x0, 0x7, 0xff, 0xfc, 0x0, 0x0, 0x0, 0x0,
    0x0, 0x0, 0x3f, 0xff, 0xd0, 0x0, 0x0, 0x0,
    0x0, 0x0, 0x0, 0xff, 0xff, 0x0, 0x0, 0x0,
    0x0, 0x0, 0x0, 0x7, 0xff, 0xf4, 0x0, 0x0,
    0x0, 0x0, 0x0, 0x0, 0x2f, 0xff, 0xc0, 0x0,
    0x0, 0x0, 0x0, 0x0, 0x0, 0xff, 0xff, 0x0,
    0x0, 0x0, 0x0, 0x0, 0x0, 0x3, 0xff, 0xfc,
    0x0, 0x7f, 0xff, 0xf9, 0x0, 0x0, 0xf, 0xff,
    0xe0, 0x2f, 0xff, 0xff, 0xff, 0x40, 0x0, 0x3f,
    0xff, 0x8b, 0xff, 0xff, 0xff, 0xff, 0xc0, 0x1,
    0xff, 0xfe, 0xbf, 0xff, 0xff, 0xff, 0xff, 0xd0,
    0x7, 0xff, 0xff, 0xff, 0xff, 0xff, 0xff, 0xff,
    0xc0, 0x1f, 0xff, 0xff, 0xff, 0xff, 0xff, 0xff,
    0xff, 0xc0, 0x7f, 0xff, 0xff, 0xf9, 0x0, 0x1f,
    0xff, 0xff, 0x81, 0xff, 0xff, 0xfe, 0x0, 0x0,
    0x7, 0xff, 0xff, 0x3, 0xff, 0xff, 0xe0, 0x0,
    0x0, 0x3, 0xff, 0xfe, 0xf, 0xff, 0xff, 0x0,
    0x0, 0x0, 0x7, 0xff, 0xfc, 0x3f, 0xff, 0xf4,
    0x0, 0x0, 0x0, 0xf, 0xff, 0xf0, 0xff, 0xff,
    0xc0, 0x0, 0x0, 0x0, 0x2f, 0xff, 0xc2, 0xff,
    0xff, 0x0, 0x0, 0x0, 0x0, 0x7f, 0xff, 0x7,
    0xff, 0xf8, 0x0, 0x0, 0x0, 0x1, 0xff, 0xfc,
    0xf, 0xff, 0xf0, 0x0, 0x0, 0x0, 0xb, 0xff,
    0xf0, 0x3f, 0xff, 0xc0, 0x0, 0x0, 0x0, 0x3f,
    0xff, 0xc0, 0x7f, 0xff, 0x80, 0x0, 0x0, 0x0,
    0xff, 0xfe, 0x0, 0xff, 0xff, 0x40, 0x0, 0x0,
    0xf, 0xff, 0xf4, 0x1, 0xff, 0xff, 0x40, 0x0,
    0x0, 0xff, 0xff, 0xc0, 0x2, 0xff, 0xff, 0xd0,
    0x0, 0x2f, 0xff, 0xfd, 0x0, 0x3, 0xff, 0xff,
    0xff, 0xff, 0xff, 0xff, 0xf0, 0x0, 0x3, 0xff,
    0xff, 0xff, 0xff, 0xff, 0xff, 0x0, 0x0, 0x3,
    0xff, 0xff, 0xff, 0xff, 0xff, 0xf0, 0x0, 0x0,
    0x2, 0xff, 0xff, 0xff, 0xff, 0xfe, 0x0, 0x0,
    0x0, 0x1, 0xff, 0xff, 0xff, 0xff, 0xd0, 0x0,
    0x0, 0x0, 0x0, 0x2f, 0xff, 0xff, 0xe4, 0x0,
    0x0, 0x0, 0x0, 0x0, 0x1, 0x55, 0x50, 0x0,
    0x0, 0x0,

    /* U+0037 "7" */
    0x7f, 0xff, 0xff, 0xff, 0xff, 0xff, 0xff, 0xff,
    0xd7, 0xff, 0xff, 0xff, 0xff, 0xff, 0xff, 0xff,
    0xfd, 0x7f, 0xff, 0xff, 0xff, 0xff, 0xff, 0xff,
    0xff, 0xd7, 0xff, 0xff, 0xff, 0xff, 0xff, 0xff,
    0xff, 0xfd, 0x7f, 0xff, 0xff, 0xff, 0xff, 0xff,
    0xff, 0xff, 0xd7, 0xff, 0xff, 0xff, 0xff, 0xff,
    0xff, 0xff, 0xfc, 0x7f, 0xff, 0xaa, 0xaa, 0xaa,
    0xaa, 0xff, 0xff, 0xc7, 0xff, 0xf0, 0x0, 0x0,
    0x0, 0xf, 0xff, 0xf4, 0x7f, 0xff, 0x0, 0x0,
    0x0, 0x1, 0xff, 0xff, 0x7, 0xff, 0xf0, 0x0,
    0x0, 0x0, 0x2f, 0xff, 0xd0, 0x7f, 0xff, 0x0,
    0x0, 0x0, 0x3, 0xff, 0xfc, 0x7, 0xff, 0xf0,
    0x0, 0x0, 0x0, 0xbf, 0xff, 0x80, 0x7f, 0xff,
    0x0, 0x0, 0x0, 0xf, 0xff, 0xf0, 0x7, 0xff,
    0xf0, 0x0, 0x0, 0x1, 0xff, 0xff, 0x0, 0x0,
    0x0, 0x0, 0x0, 0x0, 0x3f, 0xff, 0xd0, 0x0,
    0x0, 0x0, 0x0, 0x0, 0x7, 0xff, 0xfc, 0x0,
    0x0, 0x0, 0x0, 0x0, 0x0, 0xff, 0xff, 0x40,
    0x0, 0x0, 0x0, 0x0, 0x0, 0xf, 0xff, 0xf0,
    0x0, 0x0, 0x0, 0x0, 0x0, 0x2, 0xff, 0xfe,
    0x0, 0x0, 0x0, 0x0, 0x0, 0x0, 0x3f, 0xff,
    0xc0, 0x0, 0x0, 0x0, 0x0, 0x0, 0xb, 0xff,
    0xf8, 0x0, 0x0, 0x0, 0x0, 0x0, 0x0, 0xff,
    0xff, 0x40, 0x0, 0x0, 0x0, 0x0, 0x0, 0x1f,
    0xff, 0xf0, 0x0, 0x0, 0x0, 0x0, 0x0, 0x3,
    0xff, 0xfd, 0x0, 0x0, 0x0, 0x0, 0x0, 0x0,
    0x7f, 0xff, 0xc0, 0x0, 0x0, 0x0, 0x0, 0x0,
    0xb, 0xff, 0xf8, 0x0, 0x0, 0x0, 0x0, 0x0,
    0x0, 0xff, 0xff, 0x0, 0x0, 0x0, 0x0, 0x0,
    0x0, 0x2f, 0xff, 0xe0, 0x0, 0x0, 0x0, 0x0,
    0x0, 0x3, 0xff, 0xfd, 0x0, 0x0, 0x0, 0x0,
    0x0, 0x0, 0x7f, 0xff, 0xc0, 0x0, 0x0, 0x0,
    0x0, 0x0, 0xf, 0xff, 0xf4, 0x0, 0x0, 0x0,
    0x0, 0x0, 0x1, 0xff, 0xff, 0x0, 0x0, 0x0,
    0x0, 0x0, 0x0, 0x3f, 0xff, 0xe0, 0x0, 0x0,
    0x0, 0x0, 0x0, 0x3, 0xff, 0xfc, 0x0, 0x0,
    0x0, 0x0, 0x0, 0x0, 0xbf, 0xff, 0x80, 0x0,
    0x0, 0x0, 0x0, 0x0, 0xf, 0xff, 0xf0, 0x0,
    0x0, 0x0, 0x0, 0x0, 0x2, 0xff, 0xff, 0x0,
    0x0, 0x0, 0x0, 0x0, 0x0, 0x3f, 0xff, 0xd0,
    0x0, 0x0, 0x0, 0x0, 0x0, 0x7, 0xff, 0xfc,
    0x0, 0x0, 0x0, 0x0, 0x0, 0x0, 0xff, 0xff,
    0x80, 0x0, 0x0, 0x0, 0x0, 0x0, 0x1f, 0xff,
    0xf0, 0x0, 0x0, 0x0, 0x0, 0x0, 0x2, 0xff,
    0xfe, 0x0, 0x0, 0x0, 0x0, 0x0, 0x0, 0x3f,
    0xff, 0xc0, 0x0, 0x0, 0x0, 0x0,

    /* U+0038 "8" */
    0x0, 0x0, 0x0, 0x5, 0x55, 0x40, 0x0, 0x0,
    0x0, 0x0, 0x0, 0x1f, 0xff, 0xff, 0xfd, 0x0,
    0x0, 0x0, 0x0, 0xb, 0xff, 0xff, 0xff, 0xff,
    0x80, 0x0, 0x0, 0x1, 0xff, 0xff, 0xff, 0xff,
    0xff, 0xd0, 0x0, 0x0, 0x2f, 0xff, 0xff, 0xff,
    0xff, 0xff, 0xe0, 0x0, 0x2, 0xff, 0xff, 0xff,
    0xff, 0xff, 0xff, 0xe0, 0x0, 0x1f, 0xff, 0xff,
    0xff, 0xff, 0xff, 0xff, 0xd0, 0x0, 0xff, 0xff,
    0xf4, 0x0, 0x7, 0xff, 0xff, 0xc0, 0x7, 0xff,
    0xfe, 0x0, 0x0, 0x2, 0xff, 0xff, 0x40, 0x2f,
    0xff, 0xe0, 0x0, 0x0, 0x2, 0xff, 0xff, 0x0,
    0xff, 0xff, 0x0, 0x0, 0x0, 0x3, 0xff, 0xfc,
    0x3, 0xff, 0xf8, 0x0, 0x0, 0x0, 0xb, 0xff,
    0xf0, 0xf, 0xff, 0xe0, 0x0, 0x0, 0x0, 0x1f,
    0xff, 0xc0, 0x3f, 0xff, 0x80, 0x0, 0x0, 0x0,
    0xbf, 0xff, 0x0, 0xff, 0xff, 0x0, 0x0, 0x0,
    0x2, 0xff, 0xfc, 0x2, 0xff, 0xfc, 0x0, 0x0,
    0x0, 0xf, 0xff, 0xf0, 0x7, 0xff, 0xfc, 0x0,
    0x0, 0x0, 0xbf, 0xff, 0x40, 0xf, 0xff, 0xfc,
    0x0, 0x0, 0xf, 0xff, 0xfc, 0x0, 0x1f, 0xff,
    0xfe, 0x40, 0x6, 0xff, 0xff, 0xd0, 0x0, 0x2f,
    0xff, 0xff, 0xff, 0xff, 0xff, 0xfe, 0x0, 0x0,
    0x1f, 0xff, 0xff, 0xff, 0xff, 0xff, 0xe0, 0x0,
    0x0, 0x1f, 0xff, 0xff, 0xff, 0xff, 0xfd, 0x0,
    0x0, 0x1, 0xff, 0xff, 0xff, 0xff, 0xff, 0xfe,
    0x0, 0x0, 0x3f, 0xff, 0xff, 0xff, 0xff, 0xff,
    0xff, 0x0, 0x3, 0xff, 0xff, 0xff, 0xff, 0xff,
    0xff, 0xff, 0x0, 0x2f, 0xff, 0xfe, 0x40, 0x0,
    0x2f, 0xff, 0xff, 0x1, 0xff, 0xff, 0x80, 0x0,
    0x0, 0xb, 0xff, 0xfd, 0xf, 0xff, 0xf8, 0x0,
    0x0, 0x0, 0xb, 0xff, 0xfc, 0x3f, 0xff, 0xc0,
    0x0, 0x0, 0x0, 0xf, 0xff, 0xf5, 0xff, 0xfe,
    0x0, 0x0, 0x0, 0x0, 0x1f, 0xff, 0xdb, 0xff,
    0xf4, 0x0, 0x0, 0x0, 0x0, 0x3f, 0xff, 0xaf,
    0xff, 0xd0, 0x0, 0x0, 0x0, 0x0, 0xff, 0xfe,
    0xbf, 0xff, 0x40, 0x0, 0x0, 0x0, 0x7, 0xff,
    0xf9, 0xff, 0xfe, 0x0, 0x0, 0x0, 0x0, 0x1f,
    0xff, 0xe7, 0xff, 0xfc, 0x0, 0x0, 0x0, 0x0,
    0xff, 0xff, 0x4f, 0xff, 0xf8, 0x0, 0x0, 0x0,
    0xb, 0xff, 0xfc, 0x2f, 0xff, 0xf8, 0x0, 0x0,
    0x0, 0xbf, 0xff, 0xe0, 0x3f, 0xff, 0xfe, 0x0,
    0x0, 0x2f, 0xff, 0xff, 0x0, 0xbf, 0xff, 0xff,
    0xfe, 0xff, 0xff, 0xff, 0xf8, 0x0, 0xbf, 0xff,
    0xff, 0xff, 0xff, 0xff, 0xff, 0x80, 0x0, 0xbf,
    0xff, 0xff, 0xff, 0xff, 0xff, 0xf8, 0x0, 0x0,
    0x7f, 0xff, 0xff, 0xff, 0xff, 0xff, 0x40, 0x0,
    0x0, 0x2f, 0xff, 0xff, 0xff, 0xff, 0xe0, 0x0,
    0x0, 0x0, 0x6, 0xff, 0xff, 0xff, 0xe4, 0x0,
    0x0, 0x0, 0x0, 0x0, 0x5, 0x55, 0x40, 0x0,
    0x0, 0x0,

    /* U+0039 "9" */
    0x0, 0x0, 0x0, 0x15, 0x54, 0x0, 0x0, 0x0,
    0x0, 0x0, 0x1, 0xbf, 0xff, 0xff, 0x40, 0x0,
    0x0, 0x0, 0x1, 0xff, 0xff, 0xff, 0xff, 0x80,
    0x0, 0x0, 0x0, 0xff, 0xff, 0xff, 0xff, 0xff,
    0x40, 0x0, 0x0, 0x7f, 0xff, 0xff, 0xff, 0xff,
    0xfe, 0x0, 0x0, 0x1f, 0xff, 0xff, 0xff, 0xff,
    0xff, 0xf8, 0x0, 0x3, 0xff, 0xff, 0xff, 0xff,
    0xff, 0xff, 0xe0, 0x0, 0xff, 0xff, 0xf4, 0x0,
    0x7, 0xff, 0xff, 0x40, 0x1f, 0xff, 0xf8, 0x0,
    0x0, 0xb, 0xff, 0xfc, 0x3, 0xff, 0xfe, 0x0,
    0x0, 0x0, 0x2f, 0xff, 0xe0, 0x3f, 0xff, 0xc0,
    0x0, 0x0, 0x0, 0xff, 0xff, 0x7, 0xff, 0xf4,
    0x0, 0x0, 0x0, 0xb, 0xff, 0xf4, 0x7f, 0xff,
    0x0, 0x0, 0x0, 0x0, 0x3f, 0xff, 0x8b, 0xff,
    0xf0, 0x0, 0x0, 0x0, 0x3, 0xff, 0xfc, 0xbf,
    0xff, 0x0, 0x0, 0x0, 0x0, 0x3f, 0xff, 0xc7,
    0xff, 0xf0, 0x0, 0x0, 0x0, 0x7, 0xff, 0xfd,
    0x7f, 0xff, 0x40, 0x0, 0x0, 0x0, 0xbf, 0xff,
    0xe3, 0xff, 0xfc, 0x0, 0x0, 0x0, 0xf, 0xff,
    0xfe, 0x3f, 0xff, 0xe0, 0x0, 0x0, 0x3, 0xff,
    0xff, 0xf2, 0xff, 0xff, 0xc0, 0x0, 0x1, 0xff,
    0xff, 0xff, 0xf, 0xff, 0xff, 0x90, 0x1, 0xff,
    0xff, 0xff, 0xf0, 0x7f, 0xff, 0xff, 0xff, 0xff,
    0xff, 0xff, 0xff, 0x2, 0xff, 0xff, 0xff, 0xff,
    0xff, 0xff, 0xff, 0xf0, 0xb, 0xff, 0xff, 0xff,
    0xff, 0xfd, 0xff, 0xff, 0x0, 0x1f, 0xff, 0xff,
    0xff, 0xff, 0x4f, 0xff, 0xf0, 0x0, 0x2f, 0xff,
    0xff, 0xff, 0x80, 0xff, 0xff, 0x0, 0x0, 0x1b,
    0xff, 0xfe, 0x40, 0xf, 0xff, 0xe0, 0x0, 0x0,
    0x0, 0x0, 0x0, 0x1, 0xff, 0xfd, 0x0, 0x0,
    0x0, 0x0, 0x0, 0x0, 0x2f, 0xff, 0xd0, 0x0,
    0x0, 0x0, 0x0, 0x0, 0x3, 0xff, 0xfc, 0x0,
    0x0, 0x0, 0x0, 0x0, 0x0, 0x3f, 0xff, 0xc0,
    0x0, 0x0, 0x0, 0x0, 0x0, 0xb, 0xff, 0xf4,
    0x0, 0x0, 0x0, 0x0, 0x0, 0x0, 0xff, 0xff,
    0x0, 0x0, 0x0, 0x0, 0x0, 0x0, 0x3f, 0xff,
    0xe0, 0x0, 0x0, 0x0, 0x0, 0x0, 0xf, 0xff,
    0xfc, 0x0, 0x0, 0x0, 0x0, 0x0, 0x3, 0xff,
    0xff, 0x80, 0x0, 0x38, 0x0, 0x0, 0x2, 0xff,
    0xff, 0xf0, 0x0, 0xb, 0xfe, 0x40, 0x5b, 0xff,
    0xff, 0xfc, 0x0, 0x0, 0xff, 0xff, 0xff, 0xff,
    0xff, 0xff, 0x40, 0x0, 0x2f, 0xff, 0xff, 0xff,
    0xff, 0xff, 0xd0, 0x0, 0x3, 0xff, 0xff, 0xff,
    0xff, 0xff, 0xf4, 0x0, 0x0, 0x7f, 0xff, 0xff,
    0xff, 0xff, 0xf8, 0x0, 0x0, 0x1, 0xff, 0xff,
    0xff, 0xff, 0xf8, 0x0, 0x0, 0x0, 0x0, 0xbf,
    0xff, 0xff, 0xe4, 0x0, 0x0, 0x0, 0x0, 0x0,
    0x5, 0x55, 0x40, 0x0, 0x0, 0x0, 0x0,

    /* U+003A ":" */
    0x2, 0xfd, 0x0, 0x3f, 0xff, 0x3, 0xff, 0xfe,
    0x1f, 0xff, 0xfc, 0xbf, 0xff, 0xf2, 0xff, 0xff,
    0xc7, 0xff, 0xff, 0xf, 0xff, 0xf8, 0x1f, 0xff,
    0xc0, 0x1f, 0xf8, 0x0, 0x0, 0x0, 0x0, 0x0,
    0x0, 0x0, 0x0, 0x0, 0x0, 0x0, 0x0, 0x0,
    0x0, 0x0, 0x0, 0x0, 0x0, 0x0, 0x0, 0x0,
    0x0, 0x0, 0x0, 0x0, 0x0, 0x0, 0x0, 0x0,
    0x0, 0x0, 0x0, 0x0, 0x0, 0x0, 0x0, 0x1,
    0xff, 0x80, 0x1f, 0xff, 0xc0, 0xff, 0xff, 0x87,
    0xff, 0xff, 0x2f, 0xff, 0xfc, 0xbf, 0xff, 0xf1,
    0xff, 0xff, 0xc3, 0xff, 0xfe, 0x3, 0xff, 0xf0,
    0x2, 0xfd, 0x0,

    /* U+003B ";" */
    0x2, 0xfd, 0x0, 0x3f, 0xff, 0x3, 0xff, 0xfe,
    0x1f, 0xff, 0xfc, 0xbf, 0xff, 0xf2, 0xff, 0xff,
    0xc7, 0xff, 0xff, 0xf, 0xff, 0xf8, 0x1f, 0xff,
    0xc0, 0x1f, 0xf8, 0x0, 0x0, 0x0, 0x0, 0x0,
    0x0, 0x0, 0x0, 0x0, 0x0, 0x0, 0x0, 0x0,
    0x0, 0x0, 0x0, 0x0, 0x0, 0x0, 0x0, 0x0,
    0x0, 0x0, 0x0, 0x0, 0x0, 0x0, 0x0, 0x0,
    0x0, 0x0, 0x0, 0x0, 0x0, 0x0, 0x0, 0x0,
    0xbf, 0x40, 0xf, 0xff, 0xc0, 0xff, 0xff, 0x83,
    0xff, 0xff, 0x1f, 0xff, 0xfc, 0x7f, 0xff, 0xf1,
    0xff, 0xff, 0xc3, 0xff, 0xff, 0x3, 0xff, 0xf8,
    0x3, 0xff, 0xc0, 0xf, 0xff, 0x0, 0x3f, 0xf4,
    0x1, 0xff, 0xc0, 0xb, 0xff, 0x0, 0x3f, 0xf4,
    0x0, 0xff, 0xc0, 0x7, 0xfe, 0x0, 0x2f, 0xf4,
    0x0, 0xff, 0xc0, 0x0,

    /* U+003C "<" */
    0x0, 0x0, 0x0, 0x0, 0x0, 0x0, 0x0, 0x40,
    0x0, 0x0, 0x0, 0x0, 0x0, 0x7, 0xe0, 0x0,
    0x0, 0x0, 0x0, 0x0, 0x2f, 0xf8, 0x0, 0x0,
    0x0, 0x0, 0x1, 0xff, 0xfe, 0x0, 0x0, 0x0,
    0x0, 0xb, 0xff, 0xff, 0x80, 0x0, 0x0, 0x0,
    0x7f, 0xff, 0xff, 0xe0, 0x0, 0x0, 0x6, 0xff,
    0xff, 0xff, 0xf4, 0x0, 0x0, 0x1f, 0xff, 0xff,
    0xff, 0xe0, 0x0, 0x1, 0xbf, 0xff, 0xff, 0xfe,
    0x40, 0x0, 0xb, 0xff, 0xff, 0xff, 0xf4, 0x0,
    0x0, 0x6f, 0xff, 0xff, 0xff, 0x80, 0x0, 0x0,
    0xff, 0xff, 0xff, 0xf9, 0x0, 0x0, 0x0, 0x3f,
    0xff, 0xff, 0xd0, 0x0, 0x0, 0x0, 0xf, 0xff,
    0xfe, 0x0, 0x0, 0x0, 0x0, 0x3, 0xff, 0xf8,
    0x0, 0x0, 0x0, 0x0, 0x0, 0xff, 0xff, 0xd0,
    0x0, 0x0, 0x0, 0x0, 0x3f, 0xff, 0xff, 0x80,
    0x0, 0x0, 0x0, 0xf, 0xff, 0xff, 0xff, 0x40,
    0x0, 0x0, 0x0, 0xbf, 0xff, 0xff, 0xfe, 0x40,
    0x0, 0x0, 0x1, 0xbf, 0xff, 0xff, 0xfe, 0x0,
    0x0, 0x0, 0x2, 0xff, 0xff, 0xff, 0xfd, 0x0,
    0x0, 0x0, 0x6, 0xff, 0xff, 0xff, 0xf9, 0x0,
    0x0, 0x0, 0xb, 0xff, 0xff, 0xff, 0xf4, 0x0,
    0x0, 0x0, 0x1b, 0xff, 0xff, 0xfe, 0x0, 0x0,
    0x0, 0x0, 0x1f, 0xff, 0xff, 0x80, 0x0, 0x0,
    0x0, 0x0, 0x6f, 0xff, 0xe0, 0x0, 0x0, 0x0,
    0x0, 0x0, 0x7f, 0xf8, 0x0, 0x0, 0x0, 0x0,
    0x0, 0x0, 0xbe, 0x0, 0x0, 0x0, 0x0, 0x0,
    0x0, 0x1, 0x40,

    /* U+003D "=" */
    0x3f, 0xff, 0xff, 0xff, 0xff, 0xff, 0xff, 0x8f,
    0xff, 0xff, 0xff, 0xff, 0xff, 0xff, 0xe3, 0xff,
    0xff, 0xff, 0xff, 0xff, 0xff, 0xf8, 0xff, 0xff,
    0xff, 0xff, 0xff, 0xff, 0xfe, 0x3f, 0xff, 0xff,
    0xff, 0xff, 0xff, 0xff, 0x8f, 0xff, 0xff, 0xff,
    0xff, 0xff, 0xff, 0xe0, 0x0, 0x0, 0x0, 0x0,
    0x0, 0x0, 0x0, 0x0, 0x0, 0x0, 0x0, 0x0,
    0x0, 0x0, 0x0, 0x0, 0x0, 0x0, 0x0, 0x0,
    0x0, 0x0, 0x0, 0x0, 0x0, 0x0, 0x0, 0x0,
    0x0, 0x0, 0x0, 0x0, 0x0, 0x0, 0x0, 0x0,
    0x0, 0x0, 0x0, 0x0, 0x0, 0x0, 0x0, 0x0,
    0x0, 0x0, 0x0, 0x0, 0x0, 0x0, 0x0, 0x0,
    0x0, 0x0, 0x0, 0x0, 0x0, 0x0, 0x0, 0x0,
    0x0, 0x0, 0x0, 0x0, 0x0, 0xff, 0xff, 0xff,
    0xff, 0xff, 0xff, 0xfe, 0x3f, 0xff, 0xff, 0xff,
    0xff, 0xff, 0xff, 0x8f, 0xff, 0xff, 0xff, 0xff,
    0xff, 0xff, 0xe3, 0xff, 0xff, 0xff, 0xff, 0xff,
    0xff, 0xf8, 0xff, 0xff, 0xff, 0xff, 0xff, 0xff,
    0xfe, 0x3f, 0xff, 0xff, 0xff, 0xff, 0xff, 0xff,
    0x80,

    /* U+003E ">" */
    0x10, 0x0, 0x0, 0x0, 0x0, 0x0, 0x0, 0xf,
    0x80, 0x0, 0x0, 0x0, 0x0, 0x0, 0x3, 0xff,
    0x40, 0x0, 0x0, 0x0, 0x0, 0x0, 0xff, 0xfe,
    0x0, 0x0, 0x0, 0x0, 0x0, 0x3f, 0xff, 0xfd,
    0x0, 0x0, 0x0, 0x0, 0xf, 0xff, 0xff, 0xf8,
    0x0, 0x0, 0x0, 0x3, 0xff, 0xff, 0xff, 0xf4,
    0x0, 0x0, 0x0, 0x1b, 0xff, 0xff, 0xff, 0xe4,
    0x0, 0x0, 0x0, 0x1f, 0xff, 0xff, 0xff, 0xd0,
    0x0, 0x0, 0x0, 0x2f, 0xff, 0xff, 0xff, 0x90,
    0x0, 0x0, 0x0, 0x7f, 0xff, 0xff, 0xff, 0x80,
    0x0, 0x0, 0x0, 0xbf, 0xff, 0xff, 0xfd, 0x0,
    0x0, 0x0, 0x1, 0xbf, 0xff, 0xff, 0x80, 0x0,
    0x0, 0x0, 0x1, 0xff, 0xff, 0xe0, 0x0, 0x0,
    0x0, 0x0, 0x3, 0xff, 0xf8, 0x0, 0x0, 0x0,
    0x0, 0xb, 0xff, 0xfe, 0x0, 0x0, 0x0, 0x0,
    0x7f, 0xff, 0xff, 0x80, 0x0, 0x0, 0x6, 0xff,
    0xff, 0xff, 0xe0, 0x0, 0x0, 0x2f, 0xff, 0xff,
    0xff, 0x90, 0x0, 0x1, 0xff, 0xff, 0xff, 0xfe,
    0x0, 0x0, 0x1b, 0xff, 0xff, 0xff, 0xe4, 0x0,
    0x0, 0x7f, 0xff, 0xff, 0xff, 0x80, 0x0, 0x2,
    0xff, 0xff, 0xff, 0xf9, 0x0, 0x0, 0x0, 0xff,
    0xff, 0xff, 0xd0, 0x0, 0x0, 0x0, 0x3f, 0xff,
    0xfe, 0x40, 0x0, 0x0, 0x0, 0xf, 0xff, 0xf4,
    0x0, 0x0, 0x0, 0x0, 0x3, 0xff, 0x80, 0x0,
    0x0, 0x0, 0x0, 0x0, 0xfd, 0x0, 0x0, 0x0,
    0x0, 0x0, 0x0, 0x20, 0x0, 0x0, 0x0, 0x0,
    0x0, 0x0, 0x0,

    /* U+003F "?" */
    0x0, 0x0, 0x0, 0x15, 0x55, 0x0, 0x0, 0x0,
    0x0, 0x0, 0x2f, 0xff, 0xff, 0xf9, 0x0, 0x0,
    0x0, 0x7, 0xff, 0xff, 0xff, 0xff, 0xe0, 0x0,
    0x0, 0x3f, 0xff, 0xff, 0xff, 0xff, 0xfd, 0x0,
    0x1, 0xff, 0xff, 0xff, 0xff, 0xff, 0xff, 0x40,
    0xb, 0xff, 0xff, 0xff, 0xff, 0xff, 0xff, 0xd0,
    0x2f, 0xff, 0xff, 0xff, 0xff, 0xff, 0xff, 0xf0,
    0x7f, 0xff, 0xfe, 0x50, 0x6, 0xff, 0xff, 0xf4,
    0x3f, 0xff, 0xe0, 0x0, 0x0, 0x3f, 0xff, 0xfc,
    0x7, 0xff, 0x40, 0x0, 0x0, 0xf, 0xff, 0xfc,
    0x0, 0xbc, 0x0, 0x0, 0x0, 0x3, 0xff, 0xfc,
    0x0, 0x14, 0x0, 0x0, 0x0, 0x3, 0xff, 0xfc,
    0x0, 0x0, 0x0, 0x0, 0x0, 0x2, 0xff, 0xfc,
    0x0, 0x0, 0x0, 0x0, 0x0, 0x2, 0xff, 0xfc,
    0x0, 0x0, 0x0, 0x0, 0x0, 0x3, 0xff, 0xfc,
    0x0, 0x0, 0x0, 0x0, 0x0, 0x7, 0xff, 0xf8,
    0x0, 0x0, 0x0, 0x0, 0x0, 0xf, 0xff, 0xf0,
    0x0, 0x0, 0x0, 0x0, 0x0, 0x3f, 0xff, 0xe0,
    0x0, 0x0, 0x0, 0x0, 0x0, 0xff, 0xff, 0xc0,
    0x0, 0x0, 0x0, 0x0, 0x3, 0xff, 0xff, 0x0,
    0x0, 0x0, 0x0, 0x0, 0xf, 0xff, 0xfc, 0x0,
    0x0, 0x0, 0x0, 0x0, 0x3f, 0xff, 0xf0, 0x0,
    0x0, 0x0, 0x0, 0x0, 0xff, 0xff, 0xc0, 0x0,
    0x0, 0x0, 0x0, 0x3, 0xff, 0xff, 0x0, 0x0,
    0x0, 0x0, 0x0, 0x7, 0xff, 0xfc, 0x0, 0x0,
    0x0, 0x0, 0x0, 0xf, 0xff, 0xf0, 0x0, 0x0,
    0x0, 0x0, 0x0, 0x1f, 0xff, 0xe0, 0x0, 0x0,
    0x0, 0x0, 0x0, 0x2f, 0xff, 0xc0, 0x0, 0x0,
    0x0, 0x0, 0x0, 0x2f, 0xff, 0xc0, 0x0, 0x0,
    0x0, 0x0, 0x0, 0x15, 0x55, 0x40, 0x0, 0x0,
    0x0, 0x0, 0x0, 0x0, 0x0, 0x0, 0x0, 0x0,
    0x0, 0x0, 0x0, 0x0, 0x0, 0x0, 0x0, 0x0,
    0x0, 0x0, 0x0, 0x0, 0x0, 0x0, 0x0, 0x0,
    0x0, 0x0, 0x0, 0x0, 0x0, 0x0, 0x0, 0x0,
    0x0, 0x0, 0x0, 0x0, 0x54, 0x0, 0x0, 0x0,
    0x0, 0x0, 0x0, 0xb, 0xff, 0x0, 0x0, 0x0,
    0x0, 0x0, 0x0, 0x3f, 0xff, 0xc0, 0x0, 0x0,
    0x0, 0x0, 0x0, 0x7f, 0xff, 0xe0, 0x0, 0x0,
    0x0, 0x0, 0x0, 0xbf, 0xff, 0xf0, 0x0, 0x0,
    0x0, 0x0, 0x0, 0xbf, 0xff, 0xf0, 0x0, 0x0,
    0x0, 0x0, 0x0, 0x7f, 0xff, 0xe0, 0x0, 0x0,
    0x0, 0x0, 0x0, 0x3f, 0xff, 0xd0, 0x0, 0x0,
    0x0, 0x0, 0x0, 0x1f, 0xff, 0x80, 0x0, 0x0,
    0x0, 0x0, 0x0, 0x2, 0xfd, 0x0, 0x0, 0x0,

    /* U+0040 "@" */
    0x0, 0x0, 0x0, 0x0, 0x0, 0x0, 0x15, 0x55,
    0x40, 0x0, 0x0, 0x0, 0x0, 0x0, 0x0, 0x0,
    0x0, 0x0, 0x0, 0x6, 0xff, 0xff, 0xff, 0xfa,
    0x0, 0x0, 0x0, 0x0, 0x0, 0x0, 0x0, 0x0,
    0x0, 0x1b, 0xff, 0xff, 0xff, 0xff, 0xff, 0x80,
    0x0, 0x0, 0x0, 0x0, 0x0, 0x0, 0x0, 0x1f,
    0xff, 0xff, 0xff, 0xff, 0xff, 0xff, 0x80, 0x0,
    0x0, 0x0, 0x0, 0x0, 0x0, 0x1f, 0xff, 0xff,
    0xff, 0xff, 0xff, 0xff, 0xff, 0x80, 0x0, 0x0,
    0x0, 0x0, 0x0, 0xf, 0xff, 0xff, 0xff, 0xaa,
    0xab, 0xff, 0xff, 0xff, 0x40, 0x0, 0x0, 0x0,
    0x0, 0x7, 0xff, 0xff, 0xe4, 0x0, 0x0, 0x0,
    0x6f, 0xff, 0xfe, 0x0, 0x0, 0x0, 0x0, 0x1,
    0xff, 0xff, 0xd0, 0x0, 0x0, 0x0, 0x0, 0x1f,
    0xff, 0xfc, 0x0, 0x0, 0x0, 0x0, 0xbf, 0xff,
    0xd0, 0x0, 0x0, 0x0, 0x0, 0x0, 0x1f, 0xff,
    0xf0, 0x0, 0x0, 0x0, 0x2f, 0xff, 0xd0, 0x0,
    0x0, 0x0, 0x0, 0x0, 0x0, 0x2f, 0xff, 0xc0,
    0x0, 0x0, 0x7, 0xff, 0xf0, 0x0, 0x0, 0x0,
    0x0, 0x0, 0x0, 0x0, 0x7f, 0xff, 0x0, 0x0,
    0x0, 0xff, 0xfc, 0x0, 0x0, 0x0, 0x0, 0x0,
    0x0, 0x0, 0x0, 0xff, 0xf8, 0x0, 0x0, 0x3f,
    0xff, 0x0, 0x0, 0x0, 0x0, 0x0, 0x0, 0x0,
    0x0, 0x3, 0xff, 0xd0, 0x0, 0x7, 0xff, 0xc0,
    0x0, 0x0, 0x1b, 0xff, 0x90, 0x1, 0xaa, 0xa0,
    0xf, 0xff, 0x0, 0x0, 0xff, 0xf4, 0x0, 0x0,
    0x2f, 0xff, 0xff, 0xf0, 0x1f, 0xff, 0x0, 0x7f,
    0xf4, 0x0, 0x2f, 0xfe, 0x0, 0x0, 0x2f, 0xff,
    0xff, 0xff, 0xe1, 0xff, 0xf0, 0x3, 0xff, 0xc0,
    0x3, 0xff, 0xc0, 0x0, 0xf, 0xff, 0xff, 0xff,
    0xff, 0x9f, 0xff, 0x0, 0xf, 0xfd, 0x0, 0x7f,
    0xf8, 0x0, 0x3, 0xff, 0xff, 0xff, 0xff, 0xff,
    0xff, 0xf0, 0x0, 0xbf, 0xf0, 0xf, 0xff, 0x0,
    0x0, 0xbf, 0xff, 0xff, 0xff, 0xff, 0xff, 0xff,
    0x0, 0x7, 0xff, 0x0, 0xff, 0xe0, 0x0, 0x1f,
    0xff, 0xfd, 0x0, 0x1b, 0xff, 0xff, 0xf0, 0x0,
    0x3f, 0xf4, 0x1f, 0xfd, 0x0, 0x3, 0xff, 0xfe,
    0x0, 0x0, 0xf, 0xff, 0xff, 0x0, 0x2, 0xff,
    0x82, 0xff, 0xc0, 0x0, 0x7f, 0xff, 0x40, 0x0,
    0x0, 0x3f, 0xff, 0xf0, 0x0, 0x1f, 0xfc, 0x3f,
    0xfc, 0x0, 0xf, 0xff, 0xe0, 0x0, 0x0, 0x0,
    0xff, 0xff, 0x0, 0x0, 0xff, 0xc3, 0xff, 0x80,
    0x0, 0xff, 0xfc, 0x0, 0x0, 0x0, 0x7, 0xff,
    0xf0, 0x0, 0xf, 0xfc, 0x3f, 0xf4, 0x0, 0x1f,
    0xff, 0x80, 0x0, 0x0, 0x0, 0x3f, 0xff, 0x0,
    0x0, 0xff, 0xd3, 0xff, 0x40, 0x2, 0xff, 0xf4,
    0x0, 0x0, 0x0, 0x2, 0xff, 0xf0, 0x0, 0xb,
    0xfd, 0x7f, 0xf0, 0x0, 0x3f, 0xff, 0x0, 0x0,
    0x0, 0x0, 0x2f, 0xff, 0x0, 0x0, 0xbf, 0xd7,
    0xff, 0x0, 0x3, 0xff, 0xf0, 0x0, 0x0, 0x0,
    0x1, 0xff, 0xf0, 0x0, 0xb, 0xfd, 0x7f, 0xf0,
    0x0, 0x3f, 0xff, 0x0, 0x0, 0x0, 0x0, 0x1f,
    0xff, 0x0, 0x0, 0xbf, 0xd7, 0xff, 0x0, 0x3,
    0xff, 0xf0, 0x0, 0x0, 0x0, 0x1, 0xff, 0xf0,
    0x0, 0xb, 0xfd, 0x7f, 0xf4, 0x0, 0x3f, 0xff,
    0x0, 0x0, 0x0, 0x0, 0x1f, 0xff, 0x0, 0x0,
    0xff, 0xd3, 0xff, 0x40, 0x2, 0xff, 0xf4, 0x0,
    0x0, 0x0, 0x2, 0xff, 0xf0, 0x0, 0xf, 0xfc,
    0x3f, 0xf8, 0x0, 0x1f, 0xff, 0x80, 0x0, 0x0,
    0x0, 0x3f, 0xff, 0x0, 0x0, 0xff, 0xc3, 0xff,
    0x80, 0x0, 0xff, 0xfc, 0x0, 0x0, 0x0, 0x7,
    0xff, 0xf0, 0x0, 0x1f, 0xfc, 0x2f, 0xfc, 0x0,
    0xf, 0xff, 0xd0, 0x0, 0x0, 0x0, 0xff, 0xff,
    0x0, 0x2, 0xff, 0x81, 0xff, 0xc0, 0x0, 0x7f,
    0xff, 0x40, 0x0, 0x0, 0x2f, 0xff, 0xf4, 0x0,
    0x3f, 0xf4, 0x1f, 0xfd, 0x0, 0x3, 0xff, 0xfd,
    0x0, 0x0, 0xf, 0xff, 0xff, 0x80, 0xb, 0xff,
    0x0, 0xff, 0xf0, 0x0, 0x1f, 0xff, 0xfd, 0x0,
    0xb, 0xff, 0xff, 0xfd, 0x2, 0xff, 0xe0, 0xb,
    0xff, 0x40, 0x0, 0xbf, 0xff, 0xff, 0xff, 0xff,
    0xff, 0xff, 0xff, 0xff, 0xfc, 0x0, 0x3f, 0xfc,
    0x0, 0x3, 0xff, 0xff, 0xff, 0xff, 0xfe, 0x7f,
    0xff, 0xff, 0xff, 0x40, 0x3, 0xff, 0xd0, 0x0,
    0xf, 0xff, 0xff, 0xff, 0xff, 0xc3, 0xff, 0xff,
    0xff, 0xe0, 0x0, 0x1f, 0xff, 0x0, 0x0, 0x2f,
    0xff, 0xff, 0xff, 0xe0, 0xf, 0xff, 0xff, 0xf8,
    0x0, 0x0, 0xff, 0xf8, 0x0, 0x0, 0x2f, 0xff,
    0xff, 0xf4, 0x0, 0x3f, 0xff, 0xfd, 0x0, 0x0,
    0x3, 0xff, 0xd0, 0x0, 0x0, 0x1b, 0xff, 0xa0,
    0x0, 0x0, 0x6f, 0xf9, 0x0, 0x0, 0x0, 0x2f,
    0xff, 0x40, 0x0, 0x0, 0x0, 0x0, 0x0, 0x0,
    0x0, 0x0, 0x0, 0x0, 0x0, 0x0, 0xff, 0xfd,
    0x0, 0x0, 0x0, 0x0, 0x0, 0x0, 0x0, 0x0,
    0x0, 0x0, 0x0, 0x0, 0x3, 0xff, 0xf8, 0x0,
    0x0, 0x0, 0x0, 0x0, 0x0, 0x0, 0x0, 0x0,
    0x0, 0x0, 0x0, 0xf, 0xff, 0xf4, 0x0, 0x0,
    0x0, 0x0, 0x0, 0x0, 0x0, 0x0, 0x0, 0x0,
    0x0, 0x0, 0x3f, 0xff, 0xe4, 0x0, 0x0, 0x0,
    0x0, 0x0, 0x40, 0x0, 0x0, 0x0, 0x0, 0x0,
    0x0, 0xff, 0xff, 0xf4, 0x0, 0x0, 0x0, 0x1,
    0xfc, 0x0, 0x0, 0x0, 0x0, 0x0, 0x0, 0x2,
    0xff, 0xff, 0xfe, 0x50, 0x0, 0x5b, 0xff, 0xd0,
    0x0, 0x0, 0x0, 0x0, 0x0, 0x0, 0x7, 0xff,
    0xff, 0xff, 0xff, 0xff, 0xff, 0xff, 0x0, 0x0,
    0x0, 0x0, 0x0, 0x0, 0x0, 0xb, 0xff, 0xff,
    0xff, 0xff, 0xff, 0xff, 0xf0, 0x0, 0x0, 0x0,
    0x0, 0x0, 0x0, 0x0, 0xb, 0xff, 0xff, 0xff,
    0xff, 0xff, 0xfd, 0x0, 0x0, 0x0, 0x0, 0x0,
    0x0, 0x0, 0x0, 0x6, 0xff, 0xff, 0xff, 0xff,
    0xf9, 0x0, 0x0, 0x0, 0x0, 0x0, 0x0, 0x0,
    0x0, 0x0, 0x0, 0x6b, 0xff, 0xfe, 0x50, 0x0,
    0x0, 0x0, 0x0, 0x0,

    /* U+0041 "A" */
    0x0, 0x0, 0x0, 0x0, 0x2, 0xff, 0xfd, 0x0,
    0x0, 0x0, 0x0, 0x0, 0x0, 0x0, 0x0, 0x0,
    0xf, 0xff, 0xfc, 0x0, 0x0, 0x0, 0x0, 0x0,
    0x0, 0x0, 0x0, 0x0, 0xbf, 0xff, 0xf4, 0x0,
    0x0, 0x0, 0x0, 0x0, 0x0, 0x0, 0x0, 0x3,
    0xff, 0xff, 0xf0, 0x0, 0x0, 0x0, 0x0, 0x0,
    0x0, 0x0, 0x0, 0x1f, 0xff, 0xff, 0xd0, 0x0,
    0x0, 0x0, 0x0, 0x0, 0x0, 0x0, 0x0, 0xff,
    0xff, 0xff, 0x80, 0x0, 0x0, 0x0, 0x0, 0x0,
    0x0, 0x0, 0x7, 0xff, 0xff, 0xff, 0x0, 0x0,
    0x0, 0x0, 0x0, 0x0, 0x0, 0x0, 0x2f, 0xff,
    0xff, 0xfe, 0x0, 0x0, 0x0, 0x0, 0x0, 0x0,
    0x0, 0x0, 0xff, 0xfe, 0xff, 0xfc, 0x0, 0x0,
    0x0, 0x0, 0x0, 0x0, 0x0, 0xb, 0xff, 0xe3,
    0xff, 0xf4, 0x0, 0x0, 0x0, 0x0, 0x0, 0x0,
    0x0, 0x3f, 0xff, 0x4b, 0xff, 0xf0, 0x0, 0x0,
    0x0, 0x0, 0x0, 0x0, 0x1, 0xff, 0xfc, 0xf,
    0xff, 0xd0, 0x0, 0x0, 0x0, 0x0, 0x0, 0x0,
    0xf, 0xff, 0xd0, 0x2f, 0xff, 0xc0, 0x0, 0x0,
    0x0, 0x0, 0x0, 0x0, 0x7f, 0xff, 0x0, 0x7f,
    0xff, 0x0, 0x0, 0x0, 0x0, 0x0, 0x0, 0x3,
    0xff, 0xf8, 0x0, 0xff, 0xfe, 0x0, 0x0, 0x0,
    0x0, 0x0, 0x0, 0xf, 0xff, 0xc0, 0x1, 0xff,
    0xfc, 0x0, 0x0, 0x0, 0x0, 0x0, 0x0, 0xbf,
    0xff, 0x0, 0x3, 0xff, 0xf8, 0x0, 0x0, 0x0,
    0x0, 0x0, 0x3, 0xff, 0xf4, 0x0, 0xb, 0xff,
    0xf0, 0x0, 0x0, 0x0, 0x0, 0x0, 0x2f, 0xff,
    0xc0, 0x0, 0xf, 0xff, 0xd0, 0x0, 0x0, 0x0,
    0x0, 0x0, 0xff, 0xfe, 0x0, 0x0, 0x3f, 0xff,
    0xc0, 0x0, 0x0, 0x0, 0x0, 0x7, 0xff, 0xf0,
    0x0, 0x0, 0x7f, 0xff, 0x40, 0x0, 0x0, 0x0,
    0x0, 0x3f, 0xff, 0x80, 0x0, 0x0, 0xff, 0xff,
    0x0, 0x0, 0x0, 0x0, 0x1, 0xff, 0xfd, 0x0,
    0x0, 0x2, 0xff, 0xfc, 0x0, 0x0, 0x0, 0x0,
    0xb, 0xff, 0xf0, 0x0, 0x0, 0x3, 0xff, 0xf8,
    0x0, 0x0, 0x0, 0x0, 0x3f, 0xff, 0x40, 0x0,
    0x0, 0xb, 0xff, 0xf0, 0x0, 0x0, 0x0, 0x2,
    0xff, 0xfc, 0x0, 0x0, 0x0, 0x1f, 0xff, 0xe0,
    0x0, 0x0, 0x0, 0xf, 0xff, 0xf0, 0x0, 0x0,
    0x0, 0x3f, 0xff, 0xc0, 0x0, 0x0, 0x0, 0x7f,
    0xff, 0xff, 0xff, 0xff, 0xff, 0xff, 0xff, 0x40,
    0x0, 0x0, 0x3, 0xff, 0xff, 0xff, 0xff, 0xff,
    0xff, 0xff, 0xff, 0x0, 0x0, 0x0, 0x1f, 0xff,
    0xff, 0xff, 0xff, 0xff, 0xff, 0xff, 0xfd, 0x0,
    0x0, 0x0, 0xff, 0xff, 0xff, 0xff, 0xff, 0xff,
    0xff, 0xff, 0xf8, 0x0, 0x0, 0x3, 0xff, 0xff,
    0xff, 0xff, 0xff, 0xff, 0xff, 0xff, 0xf0, 0x0,
    0x0, 0x2f, 0xff, 0xff, 0xff, 0xff, 0xff, 0xff,
    0xff, 0xff, 0xe0, 0x0, 0x0, 0xff, 0xfe, 0x0,
    0x0, 0x0, 0x0, 0x0, 0x3f, 0xff, 0xc0, 0x0,
    0xb, 0xff, 0xf4, 0x0, 0x0, 0x0, 0x0, 0x0,
    0x7f, 0xff, 0x40, 0x0, 0x3f, 0xff, 0xc0, 0x0,
    0x0, 0x0, 0x0, 0x0, 0xff, 0xff, 0x0, 0x1,
    0xff, 0xfd, 0x0, 0x0, 0x0, 0x0, 0x0, 0x2,
    0xff, 0xfd, 0x0, 0xf, 0xff, 0xf0, 0x0, 0x0,
    0x0, 0x0, 0x0, 0x3, 0xff, 0xfc, 0x0, 0x7f,
    0xff, 0x80, 0x0, 0x0, 0x0, 0x0, 0x0, 0xf,
    0xff, 0xf0, 0x3, 0xff, 0xfc, 0x0, 0x0, 0x0,
    0x0, 0x0, 0x0, 0x1f, 0xff, 0xe0, 0xf, 0xff,
    0xf0, 0x0, 0x0, 0x0, 0x0, 0x0, 0x0, 0x3f,
    0xff, 0xc0, 0xbf, 0xff, 0x40, 0x0, 0x0, 0x0,
    0x0, 0x0, 0x0, 0xbf, 0xff, 0x83, 0xff, 0xfc,
    0x0, 0x0, 0x0, 0x0, 0x0, 0x0, 0x0, 0xff,
    0xff, 0x0,

    /* U+0042 "B" */
    0x7f, 0xff, 0xff, 0xff, 0xff, 0xff, 0xa4, 0x0,
    0x0, 0x7, 0xff, 0xff, 0xff, 0xff, 0xff, 0xff,
    0xf9, 0x0, 0x0, 0x7f, 0xff, 0xff, 0xff, 0xff,
    0xff, 0xff, 0xfc, 0x0, 0x7, 0xff, 0xff, 0xff,
    0xff, 0xff, 0xff, 0xff, 0xf4, 0x0, 0x7f, 0xff,
    0xff, 0xff, 0xff, 0xff, 0xff, 0xff, 0xd0, 0x7,
    0xff, 0xff, 0xff, 0xff, 0xff, 0xff, 0xff, 0xff,
    0x0, 0x7f, 0xff, 0x80, 0x0, 0x0, 0x5a, 0xff,
    0xff, 0xf8, 0x7, 0xff, 0xf4, 0x0, 0x0, 0x0,
    0x2, 0xff, 0xff, 0xc0, 0x7f, 0xff, 0x40, 0x0,
    0x0, 0x0, 0x7, 0xff, 0xfd, 0x7, 0xff, 0xf4,
    0x0, 0x0, 0x0, 0x0, 0x2f, 0xff, 0xe0, 0x7f,
    0xff, 0x40, 0x0, 0x0, 0x0, 0x1, 0xff, 0xfe,
    0x7, 0xff, 0xf4, 0x0, 0x0, 0x0, 0x0, 0xf,
    0xff, 0xf0, 0x7f, 0xff, 0x40, 0x0, 0x0, 0x0,
    0x0, 0xff, 0xfe, 0x7, 0xff, 0xf4, 0x0, 0x0,
    0x0, 0x0, 0xf, 0xff, 0xe0, 0x7f, 0xff, 0x40,
    0x0, 0x0, 0x0, 0x2, 0xff, 0xfd, 0x7, 0xff,
    0xf4, 0x0, 0x0, 0x0, 0x0, 0x3f, 0xff, 0xc0,
    0x7f, 0xff, 0x40, 0x0, 0x0, 0x0, 0x1f, 0xff,
    0xf4, 0x7, 0xff, 0xf4, 0x0, 0x0, 0x0, 0x5f,
    0xff, 0xff, 0x0, 0x7f, 0xff, 0xff, 0xff, 0xff,
    0xff, 0xff, 0xff, 0xc0, 0x7, 0xff, 0xff, 0xff,
    0xff, 0xff, 0xff, 0xff, 0xf0, 0x0, 0x7f, 0xff,
    0xff, 0xff, 0xff, 0xff, 0xff, 0xfc, 0x0, 0x7,
    0xff, 0xff, 0xff, 0xff, 0xff, 0xff, 0xff, 0xf8,
    0x0, 0x7f, 0xff, 0xff, 0xff, 0xff, 0xff, 0xff,
    0xff, 0xf0, 0x7, 0xff, 0xff, 0xff, 0xff, 0xff,
    0xff, 0xff, 0xff, 0xc0, 0x7f, 0xff, 0x80, 0x0,
    0x0, 0x1, 0x6f, 0xff, 0xff, 0x7, 0xff, 0xf4,
    0x0, 0x0, 0x0, 0x0, 0x2f, 0xff, 0xf8, 0x7f,
    0xff, 0x40, 0x0, 0x0, 0x0, 0x0, 0x7f, 0xff,
    0xc7, 0xff, 0xf4, 0x0, 0x0, 0x0, 0x0, 0x2,
    0xff, 0xfd, 0x7f, 0xff, 0x40, 0x0, 0x0, 0x0,
    0x0, 0xf, 0xff, 0xe7, 0xff, 0xf4, 0x0, 0x0,
    0x0, 0x0, 0x0, 0xff, 0xff, 0x7f, 0xff, 0x40,
    0x0, 0x0, 0x0, 0x0, 0xf, 0xff, 0xf7, 0xff,
    0xf4, 0x0, 0x0, 0x0, 0x0, 0x0, 0xff, 0xff,
    0x7f, 0xff, 0x40, 0x0, 0x0, 0x0, 0x0, 0xf,
    0xff, 0xf7, 0xff, 0xf4, 0x0, 0x0, 0x0, 0x0,
    0x2, 0xff, 0xfe, 0x7f, 0xff, 0x40, 0x0, 0x0,
    0x0, 0x0, 0x7f, 0xff, 0xe7, 0xff, 0xf4, 0x0,
    0x0, 0x0, 0x0, 0x2f, 0xff, 0xfc, 0x7f, 0xff,
    0x80, 0x0, 0x0, 0x15, 0xbf, 0xff, 0xff, 0x87,
    0xff, 0xff, 0xff, 0xff, 0xff, 0xff, 0xff, 0xff,
    0xf0, 0x7f, 0xff, 0xff, 0xff, 0xff, 0xff, 0xff,
    0xff, 0xfd, 0x7, 0xff, 0xff, 0xff, 0xff, 0xff,
    0xff, 0xff, 0xff, 0x40, 0x7f, 0xff, 0xff, 0xff,
    0xff, 0xff, 0xff, 0xff, 0x80, 0x7, 0xff, 0xff,
    0xff, 0xff, 0xff, 0xff, 0xff, 0x80, 0x0, 0x7f,
    0xff, 0xff, 0xff, 0xff, 0xff, 0xf9, 0x0, 0x0,
    0x0,

    /* U+0043 "C" */
    0x0, 0x0, 0x0, 0x0, 0x0, 0x55, 0x54, 0x0,
    0x0, 0x0, 0x0, 0x0, 0x0, 0x1, 0xbf, 0xff,
    0xff, 0xe4, 0x0, 0x0, 0x0, 0x0, 0x0, 0x2f,
    0xff, 0xff, 0xff, 0xff, 0x80, 0x0, 0x0, 0x0,
    0x2, 0xff, 0xff, 0xff, 0xff, 0xff, 0xf8, 0x0,
    0x0, 0x0, 0x1f, 0xff, 0xff, 0xff, 0xff, 0xff,
    0xff, 0x40, 0x0, 0x0, 0xbf, 0xff, 0xff, 0xff,
    0xff, 0xff, 0xff, 0xe0, 0x0, 0x2, 0xff, 0xff,
    0xff, 0xff, 0xff, 0xff, 0xff, 0xf8, 0x0, 0xb,
    0xff, 0xff, 0xff, 0xa9, 0xab, 0xff, 0xff, 0xfe,
    0x0, 0x2f, 0xff, 0xff, 0xe0, 0x0, 0x0, 0x6f,
    0xff, 0xfc, 0x0, 0x7f, 0xff, 0xfe, 0x0, 0x0,
    0x0, 0x2, 0xff, 0xf0, 0x0, 0xff, 0xff, 0xf0,
    0x0, 0x0, 0x0, 0x0, 0x7f, 0x80, 0x2, 0xff,
    0xff, 0xc0, 0x0, 0x0, 0x0, 0x0, 0x1e, 0x0,
    0x3, 0xff, 0xff, 0x0, 0x0, 0x0, 0x0, 0x0,
    0x0, 0x0, 0xb, 0xff, 0xfc, 0x0, 0x0, 0x0,
    0x0, 0x0, 0x0, 0x0, 0xf, 0xff, 0xf8, 0x0,
    0x0, 0x0, 0x0, 0x0, 0x0, 0x0, 0x1f, 0xff,
    0xf0, 0x0, 0x0, 0x0, 0x0, 0x0, 0x0, 0x0,
    0x2f, 0xff, 0xe0, 0x0, 0x0, 0x0, 0x0, 0x0,
    0x0, 0x0, 0x3f, 0xff, 0xc0, 0x0, 0x0, 0x0,
    0x0, 0x0, 0x0, 0x0, 0x3f, 0xff, 0xc0, 0x0,
    0x0, 0x0, 0x0, 0x0, 0x0, 0x0, 0x3f, 0xff,
    0xc0, 0x0, 0x0, 0x0, 0x0, 0x0, 0x0, 0x0,
    0x7f, 0xff, 0x80, 0x0, 0x0, 0x0, 0x0, 0x0,
    0x0, 0x0, 0x7f, 0xff, 0x80, 0x0, 0x0, 0x0,
    0x0, 0x0, 0x0, 0x0, 0x7f, 0xff, 0x80, 0x0,
    0x0, 0x0, 0x0, 0x0, 0x0, 0x0, 0x7f, 0xff,
    0x80, 0x0, 0x0, 0x0, 0x0, 0x0, 0x0, 0x0,
    0x7f, 0xff, 0x80, 0x0, 0x0, 0x0, 0x0, 0x0,
    0x0, 0x0, 0x3f, 0xff, 0xc0, 0x0, 0x0, 0x0,
    0x0, 0x0, 0x0, 0x0, 0x3f, 0xff, 0xc0, 0x0,
    0x0, 0x0, 0x0, 0x0, 0x0, 0x0, 0x3f, 0xff,
    0xc0, 0x0, 0x0, 0x0, 0x0, 0x0, 0x0, 0x0,
    0x2f, 0xff, 0xe0, 0x0, 0x0, 0x0, 0x0, 0x0,
    0x0, 0x0, 0x1f, 0xff, 0xf0, 0x0, 0x0, 0x0,
    0x0, 0x0, 0x0, 0x0, 0xf, 0xff, 0xf8, 0x0,
    0x0, 0x0, 0x0, 0x0, 0x0, 0x0, 0xb, 0xff,
    0xfc, 0x0, 0x0, 0x0, 0x0, 0x0, 0x0, 0x0,
    0x3, 0xff, 0xff, 0x0, 0x0, 0x0, 0x0, 0x0,
    0x4, 0x0, 0x2, 0xff, 0xff, 0xc0, 0x0, 0x0,
    0x0, 0x0, 0x1f, 0x0, 0x0, 0xff, 0xff, 0xf0,
    0x0, 0x0, 0x0, 0x0, 0x7f, 0xc0, 0x0, 0x7f,
    0xff, 0xfe, 0x0, 0x0, 0x0, 0x3, 0xff, 0xf0,
    0x0, 0x2f, 0xff, 0xff, 0xe0, 0x0, 0x0, 0x6f,
    0xff, 0xfc, 0x0, 0xb, 0xff, 0xff, 0xff, 0xa9,
    0xaf, 0xff, 0xff, 0xfd, 0x0, 0x2, 0xff, 0xff,
    0xff, 0xff, 0xff, 0xff, 0xff, 0xf8, 0x0, 0x0,
    0xbf, 0xff, 0xff, 0xff, 0xff, 0xff, 0xff, 0xe0,
    0x0, 0x0, 0x1f, 0xff, 0xff, 0xff, 0xff, 0xff,
    0xff, 0x40, 0x0, 0x0, 0x2, 0xff, 0xff, 0xff,
    0xff, 0xff, 0xf8, 0x0, 0x0, 0x0, 0x0, 0x2f,
    0xff, 0xff, 0xff, 0xff, 0x80, 0x0, 0x0, 0x0,
    0x0, 0x1, 0xbf, 0xff, 0xff, 0xe4, 0x0, 0x0,
    0x0, 0x0, 0x0, 0x0, 0x0, 0x55, 0x54, 0x0,
    0x0, 0x0,

    /* U+0044 "D" */
    0x7f, 0xff, 0xff, 0xff, 0xff, 0xfe, 0x50, 0x0,
    0x0, 0x0, 0x7, 0xff, 0xff, 0xff, 0xff, 0xff,
    0xff, 0xe4, 0x0, 0x0, 0x0, 0x7f, 0xff, 0xff,
    0xff, 0xff, 0xff, 0xff, 0xf8, 0x0, 0x0, 0x7,
    0xff, 0xff, 0xff, 0xff, 0xff, 0xff, 0xff, 0xf4,
    0x0, 0x0, 0x7f, 0xff, 0xff, 0xff, 0xff, 0xff,
    0xff, 0xff, 0xf0, 0x0, 0x7, 0xff, 0xff, 0xff,
    0xff, 0xff, 0xff, 0xff, 0xff, 0xc0, 0x0, 0x7f,
    0xff, 0xea, 0xaa, 0xab, 0xff, 0xff, 0xff, 0xff,
    0x0, 0x7, 0xff, 0xf4, 0x0, 0x0, 0x0, 0x1b,
    0xff, 0xff, 0xfc, 0x0, 0x7f, 0xff, 0x40, 0x0,
    0x0, 0x0, 0x7, 0xff, 0xff, 0xf0, 0x7, 0xff,
    0xf4, 0x0, 0x0, 0x0, 0x0, 0xb, 0xff, 0xff,
    0x80, 0x7f, 0xff, 0x40, 0x0, 0x0, 0x0, 0x0,
    0x1f, 0xff, 0xfc, 0x7, 0xff, 0xf4, 0x0, 0x0,
    0x0, 0x0, 0x0, 0x7f, 0xff, 0xe0, 0x7f, 0xff,
    0x40, 0x0, 0x0, 0x0, 0x0, 0x2, 0xff, 0xff,
    0x7, 0xff, 0xf4, 0x0, 0x0, 0x0, 0x0, 0x0,
    0xf, 0xff, 0xf8, 0x7f, 0xff, 0x40, 0x0, 0x0,
    0x0, 0x0, 0x0, 0x7f, 0xff, 0xc7, 0xff, 0xf4,
    0x0, 0x0, 0x0, 0x0, 0x0, 0x3, 0xff, 0xfc,
    0x7f, 0xff, 0x40, 0x0, 0x0, 0x0, 0x0, 0x0,
    0x2f, 0xff, 0xd7, 0xff, 0xf4, 0x0, 0x0, 0x0,
    0x0, 0x0, 0x1, 0xff, 0xfe, 0x7f, 0xff, 0x40,
    0x0, 0x0, 0x0, 0x0, 0x0, 0xf, 0xff, 0xe7,
    0xff, 0xf4, 0x0, 0x0, 0x0, 0x0, 0x0, 0x0,
    0xff, 0xff, 0x7f, 0xff, 0x40, 0x0, 0x0, 0x0,
    0x0, 0x0, 0xf, 0xff, 0xf7, 0xff, 0xf4, 0x0,
    0x0, 0x0, 0x0, 0x0, 0x0, 0xff, 0xff, 0x7f,
    0xff, 0x40, 0x0, 0x0, 0x0, 0x0, 0x0, 0xf,
    0xff, 0xf7, 0xff, 0xf4, 0x0, 0x0, 0x0, 0x0,
    0x0, 0x0, 0xff, 0xff, 0x7f, 0xff, 0x40, 0x0,
    0x0, 0x0, 0x0, 0x0, 0xf, 0xff, 0xe7, 0xff,
    0xf4, 0x0, 0x0, 0x0, 0x0, 0x0, 0x1, 0xff,
    0xfe, 0x7f, 0xff, 0x40, 0x0, 0x0, 0x0, 0x0,
    0x0, 0x2f, 0xff, 0xd7, 0xff, 0xf4, 0x0, 0x0,
    0x0, 0x0, 0x0, 0x3, 0xff, 0xfc, 0x7f, 0xff,
    0x40, 0x0, 0x0, 0x0, 0x0, 0x0, 0x7f, 0xff,
    0xc7, 0xff, 0xf4, 0x0, 0x0, 0x0, 0x0, 0x0,
    0xf, 0xff, 0xf8, 0x7f, 0xff, 0x40, 0x0, 0x0,
    0x0, 0x0, 0x2, 0xff, 0xff, 0x7, 0xff, 0xf4,
    0x0, 0x0, 0x0, 0x0, 0x0, 0x7f, 0xff, 0xe0,
    0x7f, 0xff, 0x40, 0x0, 0x0, 0x0, 0x0, 0x1f,
    0xff, 0xfc, 0x7, 0xff, 0xf4, 0x0, 0x0, 0x0,
    0x0, 0xb, 0xff, 0xff, 0x80, 0x7f, 0xff, 0x40,
    0x0, 0x0, 0x0, 0x7, 0xff, 0xff, 0xf0, 0x7,
    0xff, 0xf4, 0x0, 0x0, 0x0, 0x1b, 0xff, 0xff,
    0xfc, 0x0, 0x7f, 0xff, 0xea, 0xaa, 0xab, 0xff,
    0xff, 0xff, 0xff, 0x0, 0x7, 0xff, 0xff, 0xff,
    0xff, 0xff, 0xff, 0xff, 0xff, 0xc0, 0x0, 0x7f,
    0xff, 0xff, 0xff, 0xff, 0xff, 0xff, 0xff, 0xf0,
    0x0, 0x7, 0xff, 0xff, 0xff, 0xff, 0xff, 0xff,
    0xff, 0xf4, 0x0, 0x0, 0x7f, 0xff, 0xff, 0xff,
    0xff, 0xff, 0xff, 0xf8, 0x0, 0x0, 0x7, 0xff,
    0xff, 0xff, 0xff, 0xff, 0xff, 0xe4, 0x0, 0x0,
    0x0, 0x7f, 0xff, 0xff, 0xff, 0xff, 0xfe, 0x50,
    0x0, 0x0, 0x0, 0x0,

    /* U+0045 "E" */
    0x7f, 0xff, 0xff, 0xff, 0xff, 0xff, 0xff, 0xfd,
    0x1f, 0xff, 0xff, 0xff, 0xff, 0xff, 0xff, 0xff,
    0x47, 0xff, 0xff, 0xff, 0xff, 0xff, 0xff, 0xff,
    0xd1, 0xff, 0xff, 0xff, 0xff, 0xff, 0xff, 0xff,
    0xf4, 0x7f, 0xff, 0xff, 0xff, 0xff, 0xff, 0xff,
    0xfd, 0x1f, 0xff, 0xff, 0xff, 0xff, 0xff, 0xff,
    0xff, 0x47, 0xff, 0xfe, 0xaa, 0xaa, 0xaa, 0xaa,
    0xaa, 0x81, 0xff, 0xfd, 0x0, 0x0, 0x0, 0x0,
    0x0, 0x0, 0x7f, 0xff, 0x40, 0x0, 0x0, 0x0,
    0x0, 0x0, 0x1f, 0xff, 0xd0, 0x0, 0x0, 0x0,
    0x0, 0x0, 0x7, 0xff, 0xf4, 0x0, 0x0, 0x0,
    0x0, 0x0, 0x1, 0xff, 0xfd, 0x0, 0x0, 0x0,
    0x0, 0x0, 0x0, 0x7f, 0xff, 0x40, 0x0, 0x0,
    0x0, 0x0, 0x0, 0x1f, 0xff, 0xd0, 0x0, 0x0,
    0x0, 0x0, 0x0, 0x7, 0xff, 0xf4, 0x0, 0x0,
    0x0, 0x0, 0x0, 0x1, 0xff, 0xfd, 0x0, 0x0,
    0x0, 0x0, 0x0, 0x0, 0x7f, 0xff, 0x40, 0x0,
    0x0, 0x0, 0x0, 0x0, 0x1f, 0xff, 0xd0, 0x0,
    0x0, 0x0, 0x0, 0x0, 0x7, 0xff, 0xff, 0xff,
    0xff, 0xff, 0xff, 0xf8, 0x1, 0xff, 0xff, 0xff,
    0xff, 0xff, 0xff, 0xfe, 0x0, 0x7f, 0xff, 0xff,
    0xff, 0xff, 0xff, 0xff, 0x80, 0x1f, 0xff, 0xff,
    0xff, 0xff, 0xff, 0xff, 0xe0, 0x7, 0xff, 0xff,
    0xff, 0xff, 0xff, 0xff, 0xf8, 0x1, 0xff, 0xff,
    0xff, 0xff, 0xff, 0xff, 0xfe, 0x0, 0x7f, 0xff,
    0xaa, 0xaa, 0xaa, 0xaa, 0xaa, 0x40, 0x1f, 0xff,
    0xd0, 0x0, 0x0, 0x0, 0x0, 0x0, 0x7, 0xff,
    0xf4, 0x0, 0x0, 0x0, 0x0, 0x0, 0x1, 0xff,
    0xfd, 0x0, 0x0, 0x0, 0x0, 0x0, 0x0, 0x7f,
    0xff, 0x40, 0x0, 0x0, 0x0, 0x0, 0x0, 0x1f,
    0xff, 0xd0, 0x0, 0x0, 0x0, 0x0, 0x0, 0x7,
    0xff, 0xf4, 0x0, 0x0, 0x0, 0x0, 0x0, 0x1,
    0xff, 0xfd, 0x0, 0x0, 0x0, 0x0, 0x0, 0x0,
    0x7f, 0xff, 0x40, 0x0, 0x0, 0x0, 0x0, 0x0,
    0x1f, 0xff, 0xd0, 0x0, 0x0, 0x0, 0x0, 0x0,
    0x7, 0xff, 0xf4, 0x0, 0x0, 0x0, 0x0, 0x0,
    0x1, 0xff, 0xfd, 0x0, 0x0, 0x0, 0x0, 0x0,
    0x0, 0x7f, 0xff, 0xea, 0xaa, 0xaa, 0xaa, 0xaa,
    0xaa, 0x1f, 0xff, 0xff, 0xff, 0xff, 0xff, 0xff,
    0xff, 0xc7, 0xff, 0xff, 0xff, 0xff, 0xff, 0xff,
    0xff, 0xf1, 0xff, 0xff, 0xff, 0xff, 0xff, 0xff,
    0xff, 0xfc, 0x7f, 0xff, 0xff, 0xff, 0xff, 0xff,
    0xff, 0xff, 0x1f, 0xff, 0xff, 0xff, 0xff, 0xff,
    0xff, 0xff, 0xc7, 0xff, 0xff, 0xff, 0xff, 0xff,
    0xff, 0xff, 0xf0,

    /* U+0046 "F" */
    0x7f, 0xff, 0xff, 0xff, 0xff, 0xff, 0xff, 0xfd,
    0x7f, 0xff, 0xff, 0xff, 0xff, 0xff, 0xff, 0xfd,
    0x7f, 0xff, 0xff, 0xff, 0xff, 0xff, 0xff, 0xfd,
    0x7f, 0xff, 0xff, 0xff, 0xff, 0xff, 0xff, 0xfd,
    0x7f, 0xff, 0xff, 0xff, 0xff, 0xff, 0xff, 0xfd,
    0x7f, 0xff, 0xff, 0xff, 0xff, 0xff, 0xff, 0xfd,
    0x7f, 0xff, 0xea, 0xaa, 0xaa, 0xaa, 0xaa, 0xa8,
    0x7f, 0xff, 0x40, 0x0, 0x0, 0x0, 0x0, 0x0,
    0x7f, 0xff, 0x40, 0x0, 0x0, 0x0, 0x0, 0x0,
    0x7f, 0xff, 0x40, 0x0, 0x0, 0x0, 0x0, 0x0,
    0x7f, 0xff, 0x40, 0x0, 0x0, 0x0, 0x0, 0x0,
    0x7f, 0xff, 0x40, 0x0, 0x0, 0x0, 0x0, 0x0,
    0x7f, 0xff, 0x40, 0x0, 0x0, 0x0, 0x0, 0x0,
    0x7f, 0xff, 0x40, 0x0, 0x0, 0x0, 0x0, 0x0,
    0x7f, 0xff, 0x40, 0x0, 0x0, 0x0, 0x0, 0x0,
    0x7f, 0xff, 0x40, 0x0, 0x0, 0x0, 0x0, 0x0,
    0x7f, 0xff, 0x40, 0x0, 0x0, 0x0, 0x0, 0x0,
    0x7f, 0xff, 0x40, 0x0, 0x0, 0x0, 0x0, 0x0,
    0x7f, 0xff, 0x40, 0x0, 0x0, 0x0, 0x0, 0x0,
    0x7f, 0xff, 0x40, 0x0, 0x0, 0x0, 0x0, 0x0,
    0x7f, 0xff, 0xff, 0xff, 0xff, 0xff, 0xff, 0x80,
    0x7f, 0xff, 0xff, 0xff, 0xff, 0xff, 0xff, 0x80,
    0x7f, 0xff, 0xff, 0xff, 0xff, 0xff, 0xff, 0x80,
    0x7f, 0xff, 0xff, 0xff, 0xff, 0xff, 0xff, 0x80,
    0x7f, 0xff, 0xff, 0xff, 0xff, 0xff, 0xff, 0x80,
    0x7f, 0xff, 0xff, 0xff, 0xff, 0xff, 0xff, 0x80,
    0x7f, 0xff, 0xea, 0xaa, 0xaa, 0xaa, 0xaa, 0x80,
    0x7f, 0xff, 0x40, 0x0, 0x0, 0x0, 0x0, 0x0,
    0x7f, 0xff, 0x40, 0x0, 0x0, 0x0, 0x0, 0x0,
    0x7f, 0xff, 0x40, 0x0, 0x0, 0x0, 0x0, 0x0,
    0x7f, 0xff, 0x40, 0x0, 0x0, 0x0, 0x0, 0x0,
    0x7f, 0xff, 0x40, 0x0, 0x0, 0x0, 0x0, 0x0,
    0x7f, 0xff, 0x40, 0x0, 0x0, 0x0, 0x0, 0x0,
    0x7f, 0xff, 0x40, 0x0, 0x0, 0x0, 0x0, 0x0,
    0x7f, 0xff, 0x40, 0x0, 0x0, 0x0, 0x0, 0x0,
    0x7f, 0xff, 0x40, 0x0, 0x0, 0x0, 0x0, 0x0,
    0x7f, 0xff, 0x40, 0x0, 0x0, 0x0, 0x0, 0x0,
    0x7f, 0xff, 0x40, 0x0, 0x0, 0x0, 0x0, 0x0,
    0x7f, 0xff, 0x40, 0x0, 0x0, 0x0, 0x0, 0x0,
    0x7f, 0xff, 0x40, 0x0, 0x0, 0x0, 0x0, 0x0,
    0x7f, 0xff, 0x40, 0x0, 0x0, 0x0, 0x0, 0x0,
    0x7f, 0xff, 0x40, 0x0, 0x0, 0x0, 0x0, 0x0,
    0x7f, 0xff, 0x40, 0x0, 0x0, 0x0, 0x0, 0x0,

    /* U+0047 "G" */
    0x0, 0x0, 0x0, 0x0, 0x0, 0x55, 0x54, 0x0,
    0x0, 0x0, 0x0, 0x0, 0x0, 0x0, 0x6f, 0xff,
    0xff, 0xfe, 0x0, 0x0, 0x0, 0x0, 0x0, 0x2,
    0xff, 0xff, 0xff, 0xff, 0xfd, 0x0, 0x0, 0x0,
    0x0, 0xb, 0xff, 0xff, 0xff, 0xff, 0xff, 0xf4,
    0x0, 0x0, 0x0, 0x1f, 0xff, 0xff, 0xff, 0xff,
    0xff, 0xff, 0xc0, 0x0, 0x0, 0x2f, 0xff, 0xff,
    0xff, 0xff, 0xff, 0xff, 0xfd, 0x0, 0x0, 0x2f,
    0xff, 0xff, 0xff, 0xff, 0xff, 0xff, 0xff, 0xd0,
    0x0, 0x2f, 0xff, 0xff, 0xff, 0xa5, 0xaf, 0xff,
    0xff, 0xfc, 0x0, 0x2f, 0xff, 0xff, 0xe4, 0x0,
    0x0, 0x1f, 0xff, 0xfc, 0x0, 0x1f, 0xff, 0xff,
    0x80, 0x0, 0x0, 0x0, 0x7f, 0xfc, 0x0, 0xf,
    0xff, 0xff, 0x40, 0x0, 0x0, 0x0, 0x2, 0xfc,
    0x0, 0xb, 0xff, 0xff, 0x0, 0x0, 0x0, 0x0,
    0x0, 0x2c, 0x0, 0x3, 0xff, 0xff, 0x0, 0x0,
    0x0, 0x0, 0x0, 0x0, 0x0, 0x2, 0xff, 0xff,
    0x40, 0x0, 0x0, 0x0, 0x0, 0x0, 0x0, 0x0,
    0xff, 0xff, 0x80, 0x0, 0x0, 0x0, 0x0, 0x0,
    0x0, 0x0, 0x7f, 0xff, 0xc0, 0x0, 0x0, 0x0,
    0x0, 0x0, 0x0, 0x0, 0x2f, 0xff, 0xe0, 0x0,
    0x0, 0x0, 0x0, 0x0, 0x0, 0x0, 0xf, 0xff,
    0xf4, 0x0, 0x0, 0x0, 0x0, 0x0, 0x0, 0x0,
    0x3, 0xff, 0xfc, 0x0, 0x0, 0x0, 0x0, 0x0,
    0x0, 0x0, 0x0, 0xff, 0xff, 0x0, 0x0, 0x0,
    0x0, 0x0, 0x0, 0x0, 0x0, 0x7f, 0xff, 0x80,
    0x0, 0x0, 0x0, 0x0, 0x0, 0x0, 0x0, 0x1f,
    0xff, 0xe0, 0x0, 0x0, 0x0, 0x0, 0x0, 0x0,
    0x0, 0x7, 0xff, 0xf8, 0x0, 0x0, 0x0, 0x0,
    0x0, 0xb, 0xff, 0xe1, 0xff, 0xfe, 0x0, 0x0,
    0x0, 0x0, 0x0, 0x2, 0xff, 0xf8, 0x7f, 0xff,
    0x80, 0x0, 0x0, 0x0, 0x0, 0x0, 0xbf, 0xfe,
    0xf, 0xff, 0xf0, 0x0, 0x0, 0x0, 0x0, 0x0,
    0x2f, 0xff, 0x83, 0xff, 0xfc, 0x0, 0x0, 0x0,
    0x0, 0x0, 0xb, 0xff, 0xe0, 0xff, 0xff, 0x40,
    0x0, 0x0, 0x0, 0x0, 0x2, 0xff, 0xf8, 0x2f,
    0xff, 0xe0, 0x0, 0x0, 0x0, 0x0, 0x0, 0xbf,
    0xfe, 0x7, 0xff, 0xfc, 0x0, 0x0, 0x0, 0x0,
    0x0, 0x2f, 0xff, 0x80, 0xff, 0xff, 0x80, 0x0,
    0x0, 0x0, 0x0, 0xb, 0xff, 0xe0, 0x2f, 0xff,
    0xf4, 0x0, 0x0, 0x0, 0x0, 0x2, 0xff, 0xf8,
    0x3, 0xff, 0xff, 0x0, 0x0, 0x0, 0x0, 0x0,
    0xbf, 0xfe, 0x0, 0xbf, 0xff, 0xf0, 0x0, 0x0,
    0x0, 0x0, 0x2f, 0xff, 0x80, 0xf, 0xff, 0xff,
    0x40, 0x0, 0x0, 0x0, 0xb, 0xff, 0xe0, 0x1,
    0xff, 0xff, 0xf8, 0x0, 0x0, 0x0, 0x7, 0xff,
    0xf8, 0x0, 0x2f, 0xff, 0xff, 0xe4, 0x0, 0x0,
    0x1f, 0xff, 0xfe, 0x0, 0x2, 0xff, 0xff, 0xff,
    0xfa, 0x6a, 0xff, 0xff, 0xff, 0x80, 0x0, 0x2f,
    0xff, 0xff, 0xff, 0xff, 0xff, 0xff, 0xff, 0xe0,
    0x0, 0x2, 0xff, 0xff, 0xff, 0xff, 0xff, 0xff,
    0xff, 0xf0, 0x0, 0x0, 0x1f, 0xff, 0xff, 0xff,
    0xff, 0xff, 0xff, 0xe0, 0x0, 0x0, 0x0, 0xbf,
    0xff, 0xff, 0xff, 0xff, 0xff, 0x80, 0x0, 0x0,
    0x0, 0x2, 0xff, 0xff, 0xff, 0xff, 0xfe, 0x0,
    0x0, 0x0, 0x0, 0x0, 0x6, 0xff, 0xff, 0xff,
    0xe4, 0x0, 0x0, 0x0, 0x0, 0x0, 0x0, 0x0,
    0x55, 0x54, 0x0, 0x0, 0x0, 0x0,

    /* U+0048 "H" */
    0x7f, 0xff, 0x40, 0x0, 0x0, 0x0, 0x0, 0xf,
    0xff, 0xf7, 0xff, 0xf4, 0x0, 0x0, 0x0, 0x0,
    0x0, 0xff, 0xff, 0x7f, 0xff, 0x40, 0x0, 0x0,
    0x0, 0x0, 0xf, 0xff, 0xf7, 0xff, 0xf4, 0x0,
    0x0, 0x0, 0x0, 0x0, 0xff, 0xff, 0x7f, 0xff,
    0x40, 0x0, 0x0, 0x0, 0x0, 0xf, 0xff, 0xf7,
    0xff, 0xf4, 0x0, 0x0, 0x0, 0x0, 0x0, 0xff,
    0xff, 0x7f, 0xff, 0x40, 0x0, 0x0, 0x0, 0x0,
    0xf, 0xff, 0xf7, 0xff, 0xf4, 0x0, 0x0, 0x0,
    0x0, 0x0, 0xff, 0xff, 0x7f, 0xff, 0x40, 0x0,
    0x0, 0x0, 0x0, 0xf, 0xff, 0xf7, 0xff, 0xf4,
    0x0, 0x0, 0x0, 0x0, 0x0, 0xff, 0xff, 0x7f,
    0xff, 0x40, 0x0, 0x0, 0x0, 0x0, 0xf, 0xff,
    0xf7, 0xff, 0xf4, 0x0, 0x0, 0x0, 0x0, 0x0,
    0xff, 0xff, 0x7f, 0xff, 0x40, 0x0, 0x0, 0x0,
    0x0, 0xf, 0xff, 0xf7, 0xff, 0xf4, 0x0, 0x0,
    0x0, 0x0, 0x0, 0xff, 0xff, 0x7f, 0xff, 0x40,
    0x0, 0x0, 0x0, 0x0, 0xf, 0xff, 0xf7, 0xff,
    0xf4, 0x0, 0x0, 0x0, 0x0, 0x0, 0xff, 0xff,
    0x7f, 0xff, 0x40, 0x0, 0x0, 0x0, 0x0, 0xf,
    0xff, 0xf7, 0xff, 0xf4, 0x0, 0x0, 0x0, 0x0,
    0x0, 0xff, 0xff, 0x7f, 0xff, 0xff, 0xff, 0xff,
    0xff, 0xff, 0xff, 0xff, 0xf7, 0xff, 0xff, 0xff,
    0xff, 0xff, 0xff, 0xff, 0xff, 0xff, 0x7f, 0xff,
    0xff, 0xff, 0xff, 0xff, 0xff, 0xff, 0xff, 0xf7,
    0xff, 0xff, 0xff, 0xff, 0xff, 0xff, 0xff, 0xff,
    0xff, 0x7f, 0xff, 0xff, 0xff, 0xff, 0xff, 0xff,
    0xff, 0xff, 0xf7, 0xff, 0xff, 0xff, 0xff, 0xff,
    0xff, 0xff, 0xff, 0xff, 0x7f, 0xff, 0xff, 0xff,
    0xff, 0xff, 0xff, 0xff, 0xff, 0xf7, 0xff, 0xf4,
    0x0, 0x0, 0x0, 0x0, 0x0, 0xff, 0xff, 0x7f,
    0xff, 0x40, 0x0, 0x0, 0x0, 0x0, 0xf, 0xff,
    0xf7, 0xff, 0xf4, 0x0, 0x0, 0x0, 0x0, 0x0,
    0xff, 0xff, 0x7f, 0xff, 0x40, 0x0, 0x0, 0x0,
    0x0, 0xf, 0xff, 0xf7, 0xff, 0xf4, 0x0, 0x0,
    0x0, 0x0, 0x0, 0xff, 0xff, 0x7f, 0xff, 0x40,
    0x0, 0x0, 0x0, 0x0, 0xf, 0xff, 0xf7, 0xff,
    0xf4, 0x0, 0x0, 0x0, 0x0, 0x0, 0xff, 0xff,
    0x7f, 0xff, 0x40, 0x0, 0x0, 0x0, 0x0, 0xf,
    0xff, 0xf7, 0xff, 0xf4, 0x0, 0x0, 0x0, 0x0,
    0x0, 0xff, 0xff, 0x7f, 0xff, 0x40, 0x0, 0x0,
    0x0, 0x0, 0xf, 0xff, 0xf7, 0xff, 0xf4, 0x0,
    0x0, 0x0, 0x0, 0x0, 0xff, 0xff, 0x7f, 0xff,
    0x40, 0x0, 0x0, 0x0, 0x0, 0xf, 0xff, 0xf7,
    0xff, 0xf4, 0x0, 0x0, 0x0, 0x0, 0x0, 0xff,
    0xff, 0x7f, 0xff, 0x40, 0x0, 0x0, 0x0, 0x0,
    0xf, 0xff, 0xf7, 0xff, 0xf4, 0x0, 0x0, 0x0,
    0x0, 0x0, 0xff, 0xff, 0x7f, 0xff, 0x40, 0x0,
    0x0, 0x0, 0x0, 0xf, 0xff, 0xf7, 0xff, 0xf4,
    0x0, 0x0, 0x0, 0x0, 0x0, 0xff, 0xff, 0x7f,
    0xff, 0x40, 0x0, 0x0, 0x0, 0x0, 0xf, 0xff,
    0xf0,

    /* U+0049 "I" */
    0x7f, 0xff, 0x5f, 0xff, 0xd7, 0xff, 0xf5, 0xff,
    0xfd, 0x7f, 0xff, 0x5f, 0xff, 0xd7, 0xff, 0xf5,
    0xff, 0xfd, 0x7f, 0xff, 0x5f, 0xff, 0xd7, 0xff,
    0xf5, 0xff, 0xfd, 0x7f, 0xff, 0x5f, 0xff, 0xd7,
    0xff, 0xf5, 0xff, 0xfd, 0x7f, 0xff, 0x5f, 0xff,
    0xd7, 0xff, 0xf5, 0xff, 0xfd, 0x7f, 0xff, 0x5f,
    0xff, 0xd7, 0xff, 0xf5, 0xff, 0xfd, 0x7f, 0xff,
    0x5f, 0xff, 0xd7, 0xff, 0xf5, 0xff, 0xfd, 0x7f,
    0xff, 0x5f, 0xff, 0xd7, 0xff, 0xf5, 0xff, 0xfd,
    0x7f, 0xff, 0x5f, 0xff, 0xd7, 0xff, 0xf5, 0xff,
    0xfd, 0x7f, 0xff, 0x5f, 0xff, 0xd7, 0xff, 0xf5,
    0xff, 0xfd, 0x7f, 0xff, 0x5f, 0xff, 0xd7, 0xff,
    0xf4,

    /* U+004A "J" */
    0x0, 0x7f, 0xff, 0xff, 0xff, 0xff, 0xfd, 0x0,
    0x7f, 0xff, 0xff, 0xff, 0xff, 0xfd, 0x0, 0x7f,
    0xff, 0xff, 0xff, 0xff, 0xfd, 0x0, 0x7f, 0xff,
    0xff, 0xff, 0xff, 0xfd, 0x0, 0x7f, 0xff, 0xff,
    0xff, 0xff, 0xfd, 0x0, 0x7f, 0xff, 0xff, 0xff,
    0xff, 0xfd, 0x0, 0x6a, 0xaa, 0xaa, 0xab, 0xff,
    0xfd, 0x0, 0x0, 0x0, 0x0, 0x1, 0xff, 0xfd,
    0x0, 0x0, 0x0, 0x0, 0x1, 0xff, 0xfd, 0x0,
    0x0, 0x0, 0x0, 0x1, 0xff, 0xfd, 0x0, 0x0,
    0x0, 0x0, 0x1, 0xff, 0xfd, 0x0, 0x0, 0x0,
    0x0, 0x1, 0xff, 0xfd, 0x0, 0x0, 0x0, 0x0,
    0x1, 0xff, 0xfd, 0x0, 0x0, 0x0, 0x0, 0x1,
    0xff, 0xfd, 0x0, 0x0, 0x0, 0x0, 0x1, 0xff,
    0xfd, 0x0, 0x0, 0x0, 0x0, 0x1, 0xff, 0xfd,
    0x0, 0x0, 0x0, 0x0, 0x1, 0xff, 0xfd, 0x0,
    0x0, 0x0, 0x0, 0x1, 0xff, 0xfd, 0x0, 0x0,
    0x0, 0x0, 0x1, 0xff, 0xfd, 0x0, 0x0, 0x0,
    0x0, 0x1, 0xff, 0xfd, 0x0, 0x0, 0x0, 0x0,
    0x1, 0xff, 0xfd, 0x0, 0x0, 0x0, 0x0, 0x1,
    0xff, 0xfd, 0x0, 0x0, 0x0, 0x0, 0x1, 0xff,
    0xfd, 0x0, 0x0, 0x0, 0x0, 0x1, 0xff, 0xfd,
    0x0, 0x0, 0x0, 0x0, 0x1, 0xff, 0xfd, 0x0,
    0x0, 0x0, 0x0, 0x1, 0xff, 0xfd, 0x0, 0x0,
    0x0, 0x0, 0x1, 0xff, 0xfd, 0x0, 0x0, 0x0,
    0x0, 0x1, 0xff, 0xfd, 0x0, 0x0, 0x0, 0x0,
    0x1, 0xff, 0xfd, 0x0, 0x0, 0x0, 0x0, 0x1,
    0xff, 0xfd, 0x0, 0x0, 0x0, 0x0, 0x2, 0xff,
    0xfc, 0x0, 0x0, 0x0, 0x0, 0x2, 0xff, 0xfc,
    0x0, 0xc0, 0x0, 0x0, 0x3, 0xff, 0xfc, 0x2,
    0xf0, 0x0, 0x0, 0x7, 0xff, 0xfc, 0x7, 0xfc,
    0x0, 0x0, 0xf, 0xff, 0xf8, 0x1f, 0xff, 0x40,
    0x0, 0x3f, 0xff, 0xf0, 0x3f, 0xff, 0xf9, 0x16,
    0xff, 0xff, 0xf0, 0xbf, 0xff, 0xff, 0xff, 0xff,
    0xff, 0xd0, 0x3f, 0xff, 0xff, 0xff, 0xff, 0xff,
    0x80, 0xf, 0xff, 0xff, 0xff, 0xff, 0xff, 0x0,
    0x2, 0xff, 0xff, 0xff, 0xff, 0xf8, 0x0, 0x0,
    0x3f, 0xff, 0xff, 0xff, 0xd0, 0x0, 0x0, 0x2,
    0xff, 0xff, 0xfd, 0x0, 0x0, 0x0, 0x0, 0x5,
    0x55, 0x0, 0x0, 0x0,

    /* U+004B "K" */
    0x7f, 0xff, 0x40, 0x0, 0x0, 0x0, 0x0, 0x7f,
    0xff, 0xd0, 0x7f, 0xff, 0x40, 0x0, 0x0, 0x0,
    0x0, 0xff, 0xff, 0x80, 0x7f, 0xff, 0x40, 0x0,
    0x0, 0x0, 0x3, 0xff, 0xfe, 0x0, 0x7f, 0xff,
    0x40, 0x0, 0x0, 0x0, 0xf, 0xff, 0xf8, 0x0,
    0x7f, 0xff, 0x40, 0x0, 0x0, 0x0, 0x3f, 0xff,
    0xf0, 0x0, 0x7f, 0xff, 0x40, 0x0, 0x0, 0x0,
    0xff, 0xff, 0xc0, 0x0, 0x7f, 0xff, 0x40, 0x0,
    0x0, 0x3, 0xff, 0xff, 0x0, 0x0, 0x7f, 0xff,
    0x40, 0x0, 0x0, 0xf, 0xff, 0xfc, 0x0, 0x0,
    0x7f, 0xff, 0x40, 0x0, 0x0, 0x3f, 0xff, 0xf0,
    0x0, 0x0, 0x7f, 0xff, 0x40, 0x0, 0x0, 0xbf,
    0xff, 0xd0, 0x0, 0x0, 0x7f, 0xff, 0x40, 0x0,
    0x2, 0xff, 0xff, 0x40, 0x0, 0x0, 0x7f, 0xff,
    0x40, 0x0, 0xb, 0xff, 0xfd, 0x0, 0x0, 0x0,
    0x7f, 0xff, 0x40, 0x0, 0x2f, 0xff, 0xf4, 0x0,
    0x0, 0x0, 0x7f, 0xff, 0x40, 0x0, 0xbf, 0xff,
    0xe0, 0x0, 0x0, 0x0, 0x7f, 0xff, 0x40, 0x1,
    0xff, 0xff, 0x80, 0x0, 0x0, 0x0, 0x7f, 0xff,
    0x40, 0x7, 0xff, 0xfe, 0x0, 0x0, 0x0, 0x0,
    0x7f, 0xff, 0x40, 0x1f, 0xff, 0xfc, 0x0, 0x0,
    0x0, 0x0, 0x7f, 0xff, 0x40, 0x7f, 0xff, 0xf0,
    0x0, 0x0, 0x0, 0x0, 0x7f, 0xff, 0x41, 0xff,
    0xff, 0xc0, 0x0, 0x0, 0x0, 0x0, 0x7f, 0xff,
    0x43, 0xff, 0xff, 0x80, 0x0, 0x0, 0x0, 0x0,
    0x7f, 0xff, 0x4f, 0xff, 0xff, 0xd0, 0x0, 0x0,
    0x0, 0x0, 0x7f, 0xff, 0xbf, 0xff, 0xff, 0xf0,
    0x0, 0x0, 0x0, 0x0, 0x7f, 0xff, 0xff, 0xff,
    0xff, 0xfc, 0x0, 0x0, 0x0, 0x0, 0x7f, 0xff,
    0xff, 0xff, 0xff, 0xfe, 0x0, 0x0, 0x0, 0x0,
    0x7f, 0xff, 0xff, 0xff, 0xff, 0xff, 0x40, 0x0,
    0x0, 0x0, 0x7f, 0xff, 0xff, 0xfa, 0xff, 0xff,
    0xd0, 0x0, 0x0, 0x0, 0x7f, 0xff, 0xff, 0xe0,
    0xbf, 0xff, 0xf0, 0x0, 0x0, 0x0, 0x7f, 0xff,
    0xff, 0x80, 0x3f, 0xff, 0xfc, 0x0, 0x0, 0x0,
    0x7f, 0xff, 0xfe, 0x0, 0xf, 0xff, 0xfe, 0x0,
    0x0, 0x0, 0x7f, 0xff, 0xfc, 0x0, 0x3, 0xff,
    0xff, 0x40, 0x0, 0x0, 0x7f, 0xff, 0xf0, 0x0,
    0x1, 0xff, 0xff, 0xc0, 0x0, 0x0, 0x7f, 0xff,
    0xc0, 0x0, 0x0, 0xbf, 0xff, 0xf0, 0x0, 0x0,
    0x7f, 0xff, 0x40, 0x0, 0x0, 0x2f, 0xff, 0xfc,
    0x0, 0x0, 0x7f, 0xff, 0x40, 0x0, 0x0, 0xf,
    0xff, 0xfe, 0x0, 0x0, 0x7f, 0xff, 0x40, 0x0,
    0x0, 0x3, 0xff, 0xff, 0x40, 0x0, 0x7f, 0xff,
    0x40, 0x0, 0x0, 0x1, 0xff, 0xff, 0xc0, 0x0,
    0x7f, 0xff, 0x40, 0x0, 0x0, 0x0, 0x7f, 0xff,
    0xf0, 0x0, 0x7f, 0xff, 0x40, 0x0, 0x0, 0x0,
    0x2f, 0xff, 0xf8, 0x0, 0x7f, 0xff, 0x40, 0x0,
    0x0, 0x0, 0xf, 0xff, 0xfd, 0x0, 0x7f, 0xff,
    0x40, 0x0, 0x0, 0x0, 0x3, 0xff, 0xff, 0x40,
    0x7f, 0xff, 0x40, 0x0, 0x0, 0x0, 0x0, 0xff,
    0xff, 0xc0, 0x7f, 0xff, 0x40, 0x0, 0x0, 0x0,
    0x0, 0x7f, 0xff, 0xf0, 0x7f, 0xff, 0x40, 0x0,
    0x0, 0x0, 0x0, 0x1f, 0xff, 0xf8,

    /* U+004C "L" */
    0x7f, 0xff, 0x40, 0x0, 0x0, 0x0, 0x0, 0x1,
    0xff, 0xfd, 0x0, 0x0, 0x0, 0x0, 0x0, 0x7,
    0xff, 0xf4, 0x0, 0x0, 0x0, 0x0, 0x0, 0x1f,
    0xff, 0xd0, 0x0, 0x0, 0x0, 0x0, 0x0, 0x7f,
    0xff, 0x40, 0x0, 0x0, 0x0, 0x0, 0x1, 0xff,
    0xfd, 0x0, 0x0, 0x0, 0x0, 0x0, 0x7, 0xff,
    0xf4, 0x0, 0x0, 0x0, 0x0, 0x0, 0x1f, 0xff,
    0xd0, 0x0, 0x0, 0x0, 0x0, 0x0, 0x7f, 0xff,
    0x40, 0x0, 0x0, 0x0, 0x0, 0x1, 0xff, 0xfd,
    0x0, 0x0, 0x0, 0x0, 0x0, 0x7, 0xff, 0xf4,
    0x0, 0x0, 0x0, 0x0, 0x0, 0x1f, 0xff, 0xd0,
    0x0, 0x0, 0x0, 0x0, 0x0, 0x7f, 0xff, 0x40,
    0x0, 0x0, 0x0, 0x0, 0x1, 0xff, 0xfd, 0x0,
    0x0, 0x0, 0x0, 0x0, 0x7, 0xff, 0xf4, 0x0,
    0x0, 0x0, 0x0, 0x0, 0x1f, 0xff, 0xd0, 0x0,
    0x0, 0x0, 0x0, 0x0, 0x7f, 0xff, 0x40, 0x0,
    0x0, 0x0, 0x0, 0x1, 0xff, 0xfd, 0x0, 0x0,
    0x0, 0x0, 0x0, 0x7, 0xff, 0xf4, 0x0, 0x0,
    0x0, 0x0, 0x0, 0x1f, 0xff, 0xd0, 0x0, 0x0,
    0x0, 0x0, 0x0, 0x7f, 0xff, 0x40, 0x0, 0x0,
    0x0, 0x0, 0x1, 0xff, 0xfd, 0x0, 0x0, 0x0,
    0x0, 0x0, 0x7, 0xff, 0xf4, 0x0, 0x0, 0x0,
    0x0, 0x0, 0x1f, 0xff, 0xd0, 0x0, 0x0, 0x0,
    0x0, 0x0, 0x7f, 0xff, 0x40, 0x0, 0x0, 0x0,
    0x0, 0x1, 0xff, 0xfd, 0x0, 0x0, 0x0, 0x0,
    0x0, 0x7, 0xff, 0xf4, 0x0, 0x0, 0x0, 0x0,
    0x0, 0x1f, 0xff, 0xd0, 0x0, 0x0, 0x0, 0x0,
    0x0, 0x7f, 0xff, 0x40, 0x0, 0x0, 0x0, 0x0,
    0x1, 0xff, 0xfd, 0x0, 0x0, 0x0, 0x0, 0x0,
    0x7, 0xff, 0xf4, 0x0, 0x0, 0x0, 0x0, 0x0,
    0x1f, 0xff, 0xd0, 0x0, 0x0, 0x0, 0x0, 0x0,
    0x7f, 0xff, 0x40, 0x0, 0x0, 0x0, 0x0, 0x1,
    0xff, 0xfd, 0x0, 0x0, 0x0, 0x0, 0x0, 0x7,
    0xff, 0xf4, 0x0, 0x0, 0x0, 0x0, 0x0, 0x1f,
    0xff, 0xd0, 0x0, 0x0, 0x0, 0x0, 0x0, 0x7f,
    0xff, 0xea, 0xaa, 0xaa, 0xaa, 0xaa, 0xa5, 0xff,
    0xff, 0xff, 0xff, 0xff, 0xff, 0xff, 0xd7, 0xff,
    0xff, 0xff, 0xff, 0xff, 0xff, 0xff, 0x5f, 0xff,
    0xff, 0xff, 0xff, 0xff, 0xff, 0xfd, 0x7f, 0xff,
    0xff, 0xff, 0xff, 0xff, 0xff, 0xf5, 0xff, 0xff,
    0xff, 0xff, 0xff, 0xff, 0xff, 0xd7, 0xff, 0xff,
    0xff, 0xff, 0xff, 0xff, 0xff, 0x40,

    /* U+004D "M" */
    0x7f, 0xfd, 0x0, 0x0, 0x0, 0x0, 0x0, 0x0,
    0x0, 0x0, 0xff, 0xf9, 0xff, 0xfc, 0x0, 0x0,
    0x0, 0x0, 0x0, 0x0, 0x0, 0xb, 0xff, 0xe7,
    0xff, 0xf8, 0x0, 0x0, 0x0, 0x0, 0x0, 0x0,
    0x0, 0x7f, 0xff, 0x9f, 0xff, 0xf0, 0x0, 0x0,
    0x0, 0x0, 0x0, 0x0, 0x3, 0xff, 0xfe, 0x7f,
    0xff, 0xe0, 0x0, 0x0, 0x0, 0x0, 0x0, 0x0,
    0x1f, 0xff, 0xf9, 0xff, 0xff, 0xd0, 0x0, 0x0,
    0x0, 0x0, 0x0, 0x0, 0xff, 0xff, 0xe7, 0xff,
    0xff, 0xc0, 0x0, 0x0, 0x0, 0x0, 0x0, 0xb,
    0xff, 0xff, 0x9f, 0xff, 0xff, 0x40, 0x0, 0x0,
    0x0, 0x0, 0x0, 0x3f, 0xff, 0xfe, 0x7f, 0xff,
    0xff, 0x0, 0x0, 0x0, 0x0, 0x0, 0x3, 0xff,
    0xff, 0xf9, 0xff, 0xff, 0xfe, 0x0, 0x0, 0x0,
    0x0, 0x0, 0x1f, 0xff, 0xff, 0xe7, 0xff, 0xff,
    0xfc, 0x0, 0x0, 0x0, 0x0, 0x0, 0xff, 0xff,
    0xff, 0x9f, 0xff, 0xff, 0xfc, 0x0, 0x0, 0x0,
    0x0, 0xb, 0xff, 0xff, 0xfe, 0x7f, 0xff, 0xff,
    0xf4, 0x0, 0x0, 0x0, 0x0, 0x3f, 0xff, 0xff,
    0xf9, 0xff, 0xff, 0xff, 0xf0, 0x0, 0x0, 0x0,
    0x2, 0xff, 0xff, 0xff, 0xe7, 0xff, 0xff, 0xff,
    0xe0, 0x0, 0x0, 0x0, 0xf, 0xff, 0xff, 0xff,
    0x9f, 0xff, 0xef, 0xff, 0xc0, 0x0, 0x0, 0x0,
    0xff, 0xfe, 0xff, 0xfe, 0x7f, 0xff, 0x3f, 0xff,
    0x80, 0x0, 0x0, 0x7, 0xff, 0xf3, 0xff, 0xf9,
    0xff, 0xfc, 0x7f, 0xff, 0x40, 0x0, 0x0, 0x3f,
    0xff, 0x4f, 0xff, 0xe7, 0xff, 0xf0, 0xff, 0xff,
    0x0, 0x0, 0x2, 0xff, 0xfc, 0x3f, 0xff, 0x9f,
    0xff, 0xc0, 0xff, 0xfd, 0x0, 0x0, 0xf, 0xff,
    0xd0, 0xff, 0xfe, 0x7f, 0xff, 0x2, 0xff, 0xfc,
    0x0, 0x0, 0xbf, 0xfe, 0x3, 0xff, 0xf9, 0xff,
    0xfc, 0x3, 0xff, 0xf8, 0x0, 0x7, 0xff, 0xf0,
    0xf, 0xff, 0xe7, 0xff, 0xf0, 0x7, 0xff, 0xf4,
    0x0, 0x3f, 0xff, 0x40, 0x3f, 0xff, 0x9f, 0xff,
    0xc0, 0xf, 0xff, 0xf0, 0x1, 0xff, 0xfc, 0x0,
    0xff, 0xfe, 0x7f, 0xff, 0x0, 0xf, 0xff, 0xd0,
    0xf, 0xff, 0xd0, 0x3, 0xff, 0xf9, 0xff, 0xfc,
    0x0, 0x2f, 0xff, 0xc0, 0xbf, 0xfe, 0x0, 0xf,
    0xff, 0xe7, 0xff, 0xf0, 0x0, 0x3f, 0xff, 0x83,
    0xff, 0xf0, 0x0, 0x3f, 0xff, 0x9f, 0xff, 0xc0,
    0x0, 0x7f, 0xff, 0x2f, 0xff, 0x80, 0x0, 0xff,
    0xfe, 0x7f, 0xff, 0x0, 0x0, 0xff, 0xff, 0xff,
    0xfc, 0x0, 0x3, 0xff, 0xf9, 0xff, 0xfc, 0x0,
    0x0, 0xff, 0xff, 0xff, 0xd0, 0x0, 0xf, 0xff,
    0xe7, 0xff, 0xf0, 0x0, 0x2, 0xff, 0xff, 0xff,
    0x0, 0x0, 0x3f, 0xff, 0x9f, 0xff, 0xc0, 0x0,
    0x3, 0xff, 0xff, 0xf0, 0x0, 0x0, 0xff, 0xfe,
    0x7f, 0xff, 0x0, 0x0, 0x7, 0xff, 0xff, 0x80,
    0x0, 0x3, 0xff, 0xf9, 0xff, 0xfc, 0x0, 0x0,
    0xf, 0xff, 0xfc, 0x0, 0x0, 0xf, 0xff, 0xe7,
    0xff, 0xf0, 0x0, 0x0, 0x1f, 0xff, 0xd0, 0x0,
    0x0, 0x3f, 0xff, 0x9f, 0xff, 0xc0, 0x0, 0x0,
    0x2f, 0xff, 0x0, 0x0, 0x0, 0xff, 0xfe, 0x7f,
    0xff, 0x0, 0x0, 0x0, 0x3f, 0xf4, 0x0, 0x0,
    0x3, 0xff, 0xf9, 0xff, 0xfc, 0x0, 0x0, 0x0,
    0x7f, 0x80, 0x0, 0x0, 0xf, 0xff, 0xe7, 0xff,
    0xf0, 0x0, 0x0, 0x0, 0x0, 0x0, 0x0, 0x0,
    0x3f, 0xff, 0x9f, 0xff, 0xc0, 0x0, 0x0, 0x0,
    0x0, 0x0, 0x0, 0x0, 0xff, 0xfe, 0x7f, 0xff,
    0x0, 0x0, 0x0, 0x0, 0x0, 0x0, 0x0, 0x3,
    0xff, 0xf9, 0xff, 0xfc, 0x0, 0x0, 0x0, 0x0,
    0x0, 0x0, 0x0, 0xf, 0xff, 0xe7, 0xff, 0xf0,
    0x0, 0x0, 0x0, 0x0, 0x0, 0x0, 0x0, 0x3f,
    0xff, 0x80,

    /* U+004E "N" */
    0x7f, 0xfd, 0x0, 0x0, 0x0, 0x0, 0x0, 0xf,
    0xff, 0xf7, 0xff, 0xf4, 0x0, 0x0, 0x0, 0x0,
    0x0, 0xff, 0xff, 0x7f, 0xff, 0xc0, 0x0, 0x0,
    0x0, 0x0, 0xf, 0xff, 0xf7, 0xff, 0xff, 0x0,
    0x0, 0x0, 0x0, 0x0, 0xff, 0xff, 0x7f, 0xff,
    0xf8, 0x0, 0x0, 0x0, 0x0, 0xf, 0xff, 0xf7,
    0xff, 0xff, 0xd0, 0x0, 0x0, 0x0, 0x0, 0xff,
    0xff, 0x7f, 0xff, 0xff, 0x0, 0x0, 0x0, 0x0,
    0xf, 0xff, 0xf7, 0xff, 0xff, 0xfc, 0x0, 0x0,
    0x0, 0x0, 0xff, 0xff, 0x7f, 0xff, 0xff, 0xf0,
    0x0, 0x0, 0x0, 0xf, 0xff, 0xf7, 0xff, 0xff,
    0xff, 0x80, 0x0, 0x0, 0x0, 0xff, 0xff, 0x7f,
    0xff, 0xff, 0xfd, 0x0, 0x0, 0x0, 0xf, 0xff,
    0xf7, 0xff, 0xff, 0xff, 0xf0, 0x0, 0x0, 0x0,
    0xff, 0xff, 0x7f, 0xff, 0xff, 0xff, 0xc0, 0x0,
    0x0, 0xf, 0xff, 0xf7, 0xff, 0xff, 0xff, 0xff,
    0x0, 0x0, 0x0, 0xff, 0xff, 0x7f, 0xff, 0xbf,
    0xff, 0xf8, 0x0, 0x0, 0xf, 0xff, 0xf7, 0xff,
    0xf5, 0xff, 0xff, 0xd0, 0x0, 0x0, 0xff, 0xff,
    0x7f, 0xff, 0x4b, 0xff, 0xff, 0x0, 0x0, 0xf,
    0xff, 0xf7, 0xff, 0xf4, 0x2f, 0xff, 0xfc, 0x0,
    0x0, 0xff, 0xff, 0x7f, 0xff, 0x40, 0xff, 0xff,
    0xf0, 0x0, 0xf, 0xff, 0xf7, 0xff, 0xf4, 0x3,
    0xff, 0xff, 0x80, 0x0, 0xff, 0xff, 0x7f, 0xff,
    0x40, 0x1f, 0xff, 0xfd, 0x0, 0xf, 0xff, 0xf7,
    0xff, 0xf4, 0x0, 0xbf, 0xff, 0xf0, 0x0, 0xff,
    0xff, 0x7f, 0xff, 0x40, 0x3, 0xff, 0xff, 0xc0,
    0xf, 0xff, 0xf7, 0xff, 0xf4, 0x0, 0xf, 0xff,
    0xfe, 0x0, 0xff, 0xff, 0x7f, 0xff, 0x40, 0x0,
    0x3f, 0xff, 0xf8, 0xf, 0xff, 0xf7, 0xff, 0xf4,
    0x0, 0x1, 0xff, 0xff, 0xd0, 0xff, 0xff, 0x7f,
    0xff, 0x40, 0x0, 0xb, 0xff, 0xff, 0xf, 0xff,
    0xf7, 0xff, 0xf4, 0x0, 0x0, 0x3f, 0xff, 0xfc,
    0xff, 0xff, 0x7f, 0xff, 0x40, 0x0, 0x0, 0xff,
    0xff, 0xef, 0xff, 0xf7, 0xff, 0xf4, 0x0, 0x0,
    0x3, 0xff, 0xff, 0xff, 0xff, 0x7f, 0xff, 0x40,
    0x0, 0x0, 0x1f, 0xff, 0xff, 0xff, 0xf7, 0xff,
    0xf4, 0x0, 0x0, 0x0, 0xbf, 0xff, 0xff, 0xff,
    0x7f, 0xff, 0x40, 0x0, 0x0, 0x3, 0xff, 0xff,
    0xff, 0xf7, 0xff, 0xf4, 0x0, 0x0, 0x0, 0xf,
    0xff, 0xff, 0xff, 0x7f, 0xff, 0x40, 0x0, 0x0,
    0x0, 0x3f, 0xff, 0xff, 0xf7, 0xff, 0xf4, 0x0,
    0x0, 0x0, 0x1, 0xff, 0xff, 0xff, 0x7f, 0xff,
    0x40, 0x0, 0x0, 0x0, 0xb, 0xff, 0xff, 0xf7,
    0xff, 0xf4, 0x0, 0x0, 0x0, 0x0, 0x3f, 0xff,
    0xff, 0x7f, 0xff, 0x40, 0x0, 0x0, 0x0, 0x0,
    0xff, 0xff, 0xf7, 0xff, 0xf4, 0x0, 0x0, 0x0,
    0x0, 0x7, 0xff, 0xff, 0x7f, 0xff, 0x40, 0x0,
    0x0, 0x0, 0x0, 0x1f, 0xff, 0xf7, 0xff, 0xf4,
    0x0, 0x0, 0x0, 0x0, 0x0, 0xbf, 0xff, 0x7f,
    0xff, 0x40, 0x0, 0x0, 0x0, 0x0, 0x3, 0xff,
    0xf0,

    /* U+004F "O" */
    0x0, 0x0, 0x0, 0x0, 0x0, 0x55, 0x54, 0x0,
    0x0, 0x0, 0x0, 0x0, 0x0, 0x0, 0x0, 0x1b,
    0xff, 0xff, 0xfe, 0x40, 0x0, 0x0, 0x0, 0x0,
    0x0, 0x0, 0x1f, 0xff, 0xff, 0xff, 0xff, 0x90,
    0x0, 0x0, 0x0, 0x0, 0x0, 0x2f, 0xff, 0xff,
    0xff, 0xff, 0xff, 0xc0, 0x0, 0x0, 0x0, 0x0,
    0xf, 0xff, 0xff, 0xff, 0xff, 0xff, 0xff, 0x80,
    0x0, 0x0, 0x0, 0x7, 0xff, 0xff, 0xff, 0xff,
    0xff, 0xff, 0xff, 0x0, 0x0, 0x0, 0x2, 0xff,
    0xff, 0xff, 0xff, 0xff, 0xff, 0xff, 0xfc, 0x0,
    0x0, 0x0, 0xbf, 0xff, 0xff, 0xfa, 0x5a, 0xff,
    0xff, 0xff, 0xf0, 0x0, 0x0, 0x2f, 0xff, 0xff,
    0xe0, 0x0, 0x0, 0x6f, 0xff, 0xff, 0xc0, 0x0,
    0x7, 0xff, 0xff, 0xe0, 0x0, 0x0, 0x0, 0x3f,
    0xff, 0xff, 0x0, 0x0, 0xff, 0xff, 0xf0, 0x0,
    0x0, 0x0, 0x0, 0xbf, 0xff, 0xf4, 0x0, 0x2f,
    0xff, 0xfc, 0x0, 0x0, 0x0, 0x0, 0x1, 0xff,
    0xff, 0xc0, 0x3, 0xff, 0xff, 0x0, 0x0, 0x0,
    0x0, 0x0, 0x7, 0xff, 0xfe, 0x0, 0xbf, 0xff,
    0xc0, 0x0, 0x0, 0x0, 0x0, 0x0, 0x2f, 0xff,
    0xf0, 0xf, 0xff, 0xf8, 0x0, 0x0, 0x0, 0x0,
    0x0, 0x0, 0xff, 0xff, 0x41, 0xff, 0xff, 0x0,
    0x0, 0x0, 0x0, 0x0, 0x0, 0xb, 0xff, 0xfc,
    0x2f, 0xff, 0xe0, 0x0, 0x0, 0x0, 0x0, 0x0,
    0x0, 0x3f, 0xff, 0xc3, 0xff, 0xfd, 0x0, 0x0,
    0x0, 0x0, 0x0, 0x0, 0x3, 0xff, 0xfd, 0x3f,
    0xff, 0xc0, 0x0, 0x0, 0x0, 0x0, 0x0, 0x0,
    0x1f, 0xff, 0xe3, 0xff, 0xfc, 0x0, 0x0, 0x0,
    0x0, 0x0, 0x0, 0x1, 0xff, 0xfe, 0x7f, 0xff,
    0x80, 0x0, 0x0, 0x0, 0x0, 0x0, 0x0, 0xf,
    0xff, 0xf7, 0xff, 0xf8, 0x0, 0x0, 0x0, 0x0,
    0x0, 0x0, 0x0, 0xff, 0xff, 0x7f, 0xff, 0x80,
    0x0, 0x0, 0x0, 0x0, 0x0, 0x0, 0xf, 0xff,
    0xf7, 0xff, 0xf8, 0x0, 0x0, 0x0, 0x0, 0x0,
    0x0, 0x0, 0xff, 0xff, 0x7f, 0xff, 0x80, 0x0,
    0x0, 0x0, 0x0, 0x0, 0x0, 0xf, 0xff, 0xf3,
    0xff, 0xfc, 0x0, 0x0, 0x0, 0x0, 0x0, 0x0,
    0x1, 0xff, 0xfe, 0x3f, 0xff, 0xc0, 0x0, 0x0,
    0x0, 0x0, 0x0, 0x0, 0x1f, 0xff, 0xe3, 0xff,
    0xfd, 0x0, 0x0, 0x0, 0x0, 0x0, 0x0, 0x3,
    0xff, 0xfd, 0x2f, 0xff, 0xe0, 0x0, 0x0, 0x0,
    0x0, 0x0, 0x0, 0x3f, 0xff, 0xc1, 0xff, 0xff,
    0x0, 0x0, 0x0, 0x0, 0x0, 0x0, 0xb, 0xff,
    0xfc, 0xf, 0xff, 0xf8, 0x0, 0x0, 0x0, 0x0,
    0x0, 0x0, 0xff, 0xff, 0x40, 0xbf, 0xff, 0xc0,
    0x0, 0x0, 0x0, 0x0, 0x0, 0x2f, 0xff, 0xf0,
    0x3, 0xff, 0xff, 0x0, 0x0, 0x0, 0x0, 0x0,
    0x7, 0xff, 0xfe, 0x0, 0x2f, 0xff, 0xfc, 0x0,
    0x0, 0x0, 0x0, 0x1, 0xff, 0xff, 0xc0, 0x0,
    0xff, 0xff, 0xf0, 0x0, 0x0, 0x0, 0x0, 0xbf,
    0xff, 0xf4, 0x0, 0x7, 0xff, 0xff, 0xe0, 0x0,
    0x0, 0x0, 0x3f, 0xff, 0xff, 0x0, 0x0, 0x2f,
    0xff, 0xff, 0xe0, 0x0, 0x0, 0x6f, 0xff, 0xff,
    0xc0, 0x0, 0x0, 0xbf, 0xff, 0xff, 0xfa, 0x9a,
    0xff, 0xff, 0xff, 0xf0, 0x0, 0x0, 0x2, 0xff,
    0xff, 0xff, 0xff, 0xff, 0xff, 0xff, 0xfc, 0x0,
    0x0, 0x0, 0xb, 0xff, 0xff, 0xff, 0xff, 0xff,
    0xff, 0xff, 0x0, 0x0, 0x0, 0x0, 0x1f, 0xff,
    0xff, 0xff, 0xff, 0xff, 0xff, 0x80, 0x0, 0x0,
    0x0, 0x0, 0x2f, 0xff, 0xff, 0xff, 0xff, 0xff,
    0xd0, 0x0, 0x0, 0x0, 0x0, 0x0, 0x2f, 0xff,
    0xff, 0xff, 0xff, 0xd0, 0x0, 0x0, 0x0, 0x0,
    0x0, 0x0, 0x1b, 0xff, 0xff, 0xfe, 0x40, 0x0,
    0x0, 0x0, 0x0, 0x0, 0x0, 0x0, 0x0, 0x55,
    0x54, 0x0, 0x0, 0x0, 0x0, 0x0,

    /* U+0050 "P" */
    0x7f, 0xff, 0xff, 0xff, 0xff, 0xf9, 0x0, 0x0,
    0x0, 0x7f, 0xff, 0xff, 0xff, 0xff, 0xff, 0xf8,
    0x0, 0x0, 0x7f, 0xff, 0xff, 0xff, 0xff, 0xff,
    0xff, 0x80, 0x0, 0x7f, 0xff, 0xff, 0xff, 0xff,
    0xff, 0xff, 0xf4, 0x0, 0x7f, 0xff, 0xff, 0xff,
    0xff, 0xff, 0xff, 0xfd, 0x0, 0x7f, 0xff, 0xff,
    0xff, 0xff, 0xff, 0xff, 0xff, 0x40, 0x7f, 0xff,
    0xea, 0xaa, 0xaf, 0xff, 0xff, 0xff, 0xc0, 0x7f,
    0xff, 0x40, 0x0, 0x0, 0x7, 0xff, 0xff, 0xf0,
    0x7f, 0xff, 0x40, 0x0, 0x0, 0x0, 0x7f, 0xff,
    0xf4, 0x7f, 0xff, 0x40, 0x0, 0x0, 0x0, 0xf,
    0xff, 0xfc, 0x7f, 0xff, 0x40, 0x0, 0x0, 0x0,
    0x7, 0xff, 0xfc, 0x7f, 0xff, 0x40, 0x0, 0x0,
    0x0, 0x3, 0xff, 0xfd, 0x7f, 0xff, 0x40, 0x0,
    0x0, 0x0, 0x1, 0xff, 0xfe, 0x7f, 0xff, 0x40,
    0x0, 0x0, 0x0, 0x0, 0xff, 0xfe, 0x7f, 0xff,
    0x40, 0x0, 0x0, 0x0, 0x0, 0xff, 0xfe, 0x7f,
    0xff, 0x40, 0x0, 0x0, 0x0, 0x0, 0xff, 0xff,
    0x7f, 0xff, 0x40, 0x0, 0x0, 0x0, 0x0, 0xff,
    0xfe, 0x7f, 0xff, 0x40, 0x0, 0x0, 0x0, 0x1,
    0xff, 0xfe, 0x7f, 0xff, 0x40, 0x0, 0x0, 0x0,
    0x2, 0xff, 0xfd, 0x7f, 0xff, 0x40, 0x0, 0x0,
    0x0, 0x3, 0xff, 0xfd, 0x7f, 0xff, 0x40, 0x0,
    0x0, 0x0, 0xb, 0xff, 0xfc, 0x7f, 0xff, 0x40,
    0x0, 0x0, 0x0, 0x1f, 0xff, 0xf8, 0x7f, 0xff,
    0x40, 0x0, 0x0, 0x0, 0xbf, 0xff, 0xf0, 0x7f,
    0xff, 0x40, 0x0, 0x0, 0x1b, 0xff, 0xff, 0xe0,
    0x7f, 0xff, 0xff, 0xff, 0xff, 0xff, 0xff, 0xff,
    0xc0, 0x7f, 0xff, 0xff, 0xff, 0xff, 0xff, 0xff,
    0xff, 0x0, 0x7f, 0xff, 0xff, 0xff, 0xff, 0xff,
    0xff, 0xfc, 0x0, 0x7f, 0xff, 0xff, 0xff, 0xff,
    0xff, 0xff, 0xe0, 0x0, 0x7f, 0xff, 0xff, 0xff,
    0xff, 0xff, 0xff, 0x40, 0x0, 0x7f, 0xff, 0xff,
    0xff, 0xff, 0xff, 0xe0, 0x0, 0x0, 0x7f, 0xff,
    0xea, 0xaa, 0xaa, 0x94, 0x0, 0x0, 0x0, 0x7f,
    0xff, 0x40, 0x0, 0x0, 0x0, 0x0, 0x0, 0x0,
    0x7f, 0xff, 0x40, 0x0, 0x0, 0x0, 0x0, 0x0,
    0x0, 0x7f, 0xff, 0x40, 0x0, 0x0, 0x0, 0x0,
    0x0, 0x0, 0x7f, 0xff, 0x40, 0x0, 0x0, 0x0,
    0x0, 0x0, 0x0, 0x7f, 0xff, 0x40, 0x0, 0x0,
    0x0, 0x0, 0x0, 0x0, 0x7f, 0xff, 0x40, 0x0,
    0x0, 0x0, 0x0, 0x0, 0x0, 0x7f, 0xff, 0x40,
    0x0, 0x0, 0x0, 0x0, 0x0, 0x0, 0x7f, 0xff,
    0x40, 0x0, 0x0, 0x0, 0x0, 0x0, 0x0, 0x7f,
    0xff, 0x40, 0x0, 0x0, 0x0, 0x0, 0x0, 0x0,
    0x7f, 0xff, 0x40, 0x0, 0x0, 0x0, 0x0, 0x0,
    0x0, 0x7f, 0xff, 0x40, 0x0, 0x0, 0x0, 0x0,
    0x0, 0x0, 0x7f, 0xff, 0x40, 0x0, 0x0, 0x0,
    0x0, 0x0, 0x0,

    /* U+0051 "Q" */
    0x0, 0x0, 0x0, 0x0, 0x0, 0x55, 0x54, 0x0,
    0x0, 0x0, 0x0, 0x0, 0x0, 0x0, 0x0, 0x1,
    0xbf, 0xff, 0xff, 0xe4, 0x0, 0x0, 0x0, 0x0,
    0x0, 0x0, 0x0, 0x2f, 0xff, 0xff, 0xff, 0xff,
    0xd0, 0x0, 0x0, 0x0, 0x0, 0x0, 0x2, 0xff,
    0xff, 0xff, 0xff, 0xff, 0xfd, 0x0, 0x0, 0x0,
    0x0, 0x0, 0x1f, 0xff, 0xff, 0xff, 0xff, 0xff,
    0xff, 0x80, 0x0, 0x0, 0x0, 0x0, 0xbf, 0xff,
    0xff, 0xff, 0xff, 0xff, 0xff, 0xf0, 0x0, 0x0,
    0x0, 0x2, 0xff, 0xff, 0xff, 0xff, 0xff, 0xff,
    0xff, 0xfc, 0x0, 0x0, 0x0, 0xb, 0xff, 0xff,
    0xff, 0xa5, 0xaf, 0xff, 0xff, 0xff, 0x0, 0x0,
    0x0, 0x2f, 0xff, 0xff, 0xe0, 0x0, 0x0, 0x6f,
    0xff, 0xff, 0xc0, 0x0, 0x0, 0x7f, 0xff, 0xfe,
    0x0, 0x0, 0x0, 0x3, 0xff, 0xff, 0xf0, 0x0,
    0x0, 0xff, 0xff, 0xf0, 0x0, 0x0, 0x0, 0x0,
    0xbf, 0xff, 0xf8, 0x0, 0x2, 0xff, 0xff, 0xc0,
    0x0, 0x0, 0x0, 0x0, 0x1f, 0xff, 0xfc, 0x0,
    0x3, 0xff, 0xff, 0x0, 0x0, 0x0, 0x0, 0x0,
    0x7, 0xff, 0xfe, 0x0, 0xb, 0xff, 0xfc, 0x0,
    0x0, 0x0, 0x0, 0x0, 0x2, 0xff, 0xff, 0x0,
    0xf, 0xff, 0xf8, 0x0, 0x0, 0x0, 0x0, 0x0,
    0x0, 0xff, 0xff, 0x40, 0x1f, 0xff, 0xf0, 0x0,
    0x0, 0x0, 0x0, 0x0, 0x0, 0xbf, 0xff, 0xc0,
    0x2f, 0xff, 0xe0, 0x0, 0x0, 0x0, 0x0, 0x0,
    0x0, 0x3f, 0xff, 0xc0, 0x3f, 0xff, 0xc0, 0x0,
    0x0, 0x0, 0x0, 0x0, 0x0, 0x2f, 0xff, 0xd0,
    0x3f, 0xff, 0xc0, 0x0, 0x0, 0x0, 0x0, 0x0,
    0x0, 0x1f, 0xff, 0xe0, 0x3f, 0xff, 0xc0, 0x0,
    0x0, 0x0, 0x0, 0x0, 0x0, 0x1f, 0xff, 0xe0,
    0x7f, 0xff, 0x80, 0x0, 0x0, 0x0, 0x0, 0x0,
    0x0, 0xf, 0xff, 0xf0, 0x7f, 0xff, 0x80, 0x0,
    0x0, 0x0, 0x0, 0x0, 0x0, 0xf, 0xff, 0xf0,
    0x7f, 0xff, 0x80, 0x0, 0x0, 0x0, 0x0, 0x0,
    0x0, 0xf, 0xff, 0xf0, 0x7f, 0xff, 0x80, 0x0,
    0x0, 0x0, 0x0, 0x0, 0x0, 0xf, 0xff, 0xf0,
    0x3f, 0xff, 0x80, 0x0, 0x0, 0x0, 0x0, 0x0,
    0x0, 0xf, 0xff, 0xf0, 0x3f, 0xff, 0xc0, 0x0,
    0x0, 0x0, 0x0, 0x0, 0x0, 0x1f, 0xff, 0xe0,
    0x3f, 0xff, 0xc0, 0x0, 0x0, 0x0, 0x0, 0x0,
    0x0, 0x1f, 0xff, 0xe0, 0x3f, 0xff, 0xd0, 0x0,
    0x0, 0x0, 0x0, 0x0, 0x0, 0x3f, 0xff, 0xd0,
    0x2f, 0xff, 0xe0, 0x0, 0x0, 0x0, 0x0, 0x0,
    0x0, 0x3f, 0xff, 0xc0, 0x1f, 0xff, 0xf0, 0x0,
    0x0, 0x0, 0x0, 0x0, 0x0, 0xbf, 0xff, 0xc0,
    0xf, 0xff, 0xf8, 0x0, 0x0, 0x0, 0x0, 0x0,
    0x0, 0xff, 0xff, 0x40, 0xb, 0xff, 0xfd, 0x0,
    0x0, 0x0, 0x0, 0x0, 0x3, 0xff, 0xff, 0x0,
    0x3, 0xff, 0xff, 0x0, 0x0, 0x0, 0x0, 0x0,
    0xb, 0xff, 0xfe, 0x0, 0x1, 0xff, 0xff, 0xc0,
    0x0, 0x0, 0x0, 0x0, 0x2f, 0xff, 0xfc, 0x0,
    0x0, 0xff, 0xff, 0xf4, 0x0, 0x0, 0x0, 0x0,
    0xbf, 0xff, 0xf4, 0x0, 0x0, 0x3f, 0xff, 0xfe,
    0x0, 0x0, 0x0, 0x7, 0xff, 0xff, 0xe0, 0x0,
    0x0, 0x1f, 0xff, 0xff, 0xe4, 0x0, 0x0, 0x7f,
    0xff, 0xff, 0xc0, 0x0, 0x0, 0xb, 0xff, 0xff,
    0xff, 0xea, 0xbf, 0xff, 0xff, 0xff, 0x0, 0x0,
    0x0, 0x1, 0xff, 0xff, 0xff, 0xff, 0xff, 0xff,
    0xff, 0xfc, 0x0, 0x0, 0x0, 0x0, 0x7f, 0xff,
    0xff, 0xff, 0xff, 0xff, 0xff, 0xe0, 0x0, 0x0,
    0x0, 0x0, 0xf, 0xff, 0xff, 0xff, 0xff, 0xff,
    0xff, 0x40, 0x0, 0x0, 0x0, 0x0, 0x1, 0xff,
    0xff, 0xff, 0xff, 0xff, 0xf8, 0x0, 0x0, 0x0,
    0x0, 0x0, 0x0, 0x1b, 0xff, 0xff, 0xff, 0xff,
    0x80, 0x0, 0x0, 0x0, 0x0, 0x0, 0x0, 0x0,
    0x6f, 0xff, 0xff, 0xf8, 0x0, 0x0, 0x0, 0x0,
    0x0, 0x0, 0x0, 0x0, 0x0, 0x3f, 0xff, 0xfd,
    0x0, 0x0, 0x2, 0xc0, 0x0, 0x0, 0x0, 0x0,
    0x0, 0xf, 0xff, 0xff, 0x80, 0x0, 0xb, 0xf0,
    0x0, 0x0, 0x0, 0x0, 0x0, 0x3, 0xff, 0xff,
    0xf8, 0x1, 0xbf, 0xf8, 0x0, 0x0, 0x0, 0x0,
    0x0, 0x0, 0xff, 0xff, 0xff, 0xff, 0xff, 0xfe,
    0x0, 0x0, 0x0, 0x0, 0x0, 0x0, 0x2f, 0xff,
    0xff, 0xff, 0xff, 0xfe, 0x0, 0x0, 0x0, 0x0,
    0x0, 0x0, 0x7, 0xff, 0xff, 0xff, 0xff, 0xf8,
    0x0, 0x0, 0x0, 0x0, 0x0, 0x0, 0x0, 0xff,
    0xff, 0xff, 0xff, 0xd0, 0x0, 0x0, 0x0, 0x0,
    0x0, 0x0, 0x0, 0x1f, 0xff, 0xff, 0xfe, 0x0,
    0x0, 0x0, 0x0, 0x0, 0x0, 0x0, 0x0, 0x0,
    0x6f, 0xff, 0x90, 0x0, 0x0, 0x0, 0x0, 0x0,
    0x0, 0x0, 0x0, 0x0, 0x0, 0x0, 0x0, 0x0,

    /* U+0052 "R" */
    0x7f, 0xff, 0xff, 0xff, 0xff, 0xf9, 0x0, 0x0,
    0x0, 0x1f, 0xff, 0xff, 0xff, 0xff, 0xff, 0xfe,
    0x0, 0x0, 0x7, 0xff, 0xff, 0xff, 0xff, 0xff,
    0xff, 0xf8, 0x0, 0x1, 0xff, 0xff, 0xff, 0xff,
    0xff, 0xff, 0xff, 0xd0, 0x0, 0x7f, 0xff, 0xff,
    0xff, 0xff, 0xff, 0xff, 0xfd, 0x0, 0x1f, 0xff,
    0xff, 0xff, 0xff, 0xff, 0xff, 0xff, 0xd0, 0x7,
    0xff, 0xfe, 0xaa, 0xaa, 0xff, 0xff, 0xff, 0xfc,
    0x1, 0xff, 0xfd, 0x0, 0x0, 0x0, 0x1f, 0xff,
    0xff, 0xc0, 0x7f, 0xff, 0x40, 0x0, 0x0, 0x0,
    0x7f, 0xff, 0xf4, 0x1f, 0xff, 0xd0, 0x0, 0x0,
    0x0, 0x3, 0xff, 0xff, 0x7, 0xff, 0xf4, 0x0,
    0x0, 0x0, 0x0, 0x7f, 0xff, 0xc1, 0xff, 0xfd,
    0x0, 0x0, 0x0, 0x0, 0xf, 0xff, 0xf4, 0x7f,
    0xff, 0x40, 0x0, 0x0, 0x0, 0x1, 0xff, 0xfe,
    0x1f, 0xff, 0xd0, 0x0, 0x0, 0x0, 0x0, 0x3f,
    0xff, 0x87, 0xff, 0xf4, 0x0, 0x0, 0x0, 0x0,
    0xf, 0xff, 0xf1, 0xff, 0xfd, 0x0, 0x0, 0x0,
    0x0, 0x3, 0xff, 0xfc, 0x7f, 0xff, 0x40, 0x0,
    0x0, 0x0, 0x0, 0xff, 0xfe, 0x1f, 0xff, 0xd0,
    0x0, 0x0, 0x0, 0x0, 0x7f, 0xff, 0x87, 0xff,
    0xf4, 0x0, 0x0, 0x0, 0x0, 0x2f, 0xff, 0xd1,
    0xff, 0xfd, 0x0, 0x0, 0x0, 0x0, 0xf, 0xff,
    0xf4, 0x7f, 0xff, 0x40, 0x0, 0x0, 0x0, 0xb,
    0xff, 0xfc, 0x1f, 0xff, 0xd0, 0x0, 0x0, 0x0,
    0x7, 0xff, 0xfe, 0x7, 0xff, 0xf4, 0x0, 0x0,
    0x0, 0xb, 0xff, 0xff, 0x1, 0xff, 0xfd, 0x0,
    0x0, 0x0, 0x6f, 0xff, 0xff, 0x80, 0x7f, 0xff,
    0xff, 0xff, 0xff, 0xff, 0xff, 0xff, 0xc0, 0x1f,
    0xff, 0xff, 0xff, 0xff, 0xff, 0xff, 0xff, 0xc0,
    0x7, 0xff, 0xff, 0xff, 0xff, 0xff, 0xff, 0xff,
    0xc0, 0x1, 0xff, 0xff, 0xff, 0xff, 0xff, 0xff,
    0xff, 0x80, 0x0, 0x7f, 0xff, 0xff, 0xff, 0xff,
    0xff, 0xfe, 0x0, 0x0, 0x1f, 0xff, 0xff, 0xff,
    0xff, 0xff, 0xff, 0x0, 0x0, 0x7, 0xff, 0xfa,
    0xaa, 0xaa, 0xaf, 0xff, 0xf0, 0x0, 0x1, 0xff,
    0xfd, 0x0, 0x0, 0x2, 0xff, 0xfe, 0x0, 0x0,
    0x7f, 0xff, 0x40, 0x0, 0x0, 0x3f, 0xff, 0xd0,
    0x0, 0x1f, 0xff, 0xd0, 0x0, 0x0, 0x7, 0xff,
    0xfc, 0x0, 0x7, 0xff, 0xf4, 0x0, 0x0, 0x0,
    0xbf, 0xff, 0x80, 0x1, 0xff, 0xfd, 0x0, 0x0,
    0x0, 0xf, 0xff, 0xf4, 0x0, 0x7f, 0xff, 0x40,
    0x0, 0x0, 0x1, 0xff, 0xff, 0x0, 0x1f, 0xff,
    0xd0, 0x0, 0x0, 0x0, 0x2f, 0xff, 0xe0, 0x7,
    0xff, 0xf4, 0x0, 0x0, 0x0, 0x3, 0xff, 0xfd,
    0x1, 0xff, 0xfd, 0x0, 0x0, 0x0, 0x0, 0x7f,
    0xff, 0xc0, 0x7f, 0xff, 0x40, 0x0, 0x0, 0x0,
    0xb, 0xff, 0xfc, 0x1f, 0xff, 0xd0, 0x0, 0x0,
    0x0, 0x0, 0xff, 0xff, 0x47, 0xff, 0xf4, 0x0,
    0x0, 0x0, 0x0, 0xf, 0xff, 0xf0,

    /* U+0053 "S" */
    0x0, 0x0, 0x0, 0x5, 0x55, 0x50, 0x0, 0x0,
    0x0, 0x0, 0x0, 0xbf, 0xff, 0xff, 0xf9, 0x0,
    0x0, 0x0, 0x1, 0xff, 0xff, 0xff, 0xff, 0xff,
    0x40, 0x0, 0x0, 0xbf, 0xff, 0xff, 0xff, 0xff,
    0xff, 0x40, 0x0, 0x3f, 0xff, 0xff, 0xff, 0xff,
    0xff, 0xfe, 0x0, 0xf, 0xff, 0xff, 0xff, 0xff,
    0xff, 0xff, 0xd0, 0x3, 0xff, 0xff, 0xff, 0xff,
    0xff, 0xff, 0xfc, 0x0, 0xbf, 0xff, 0xfe, 0x40,
    0x5, 0xbf, 0xff, 0x80, 0xf, 0xff, 0xfd, 0x0,
    0x0, 0x0, 0x2f, 0xf0, 0x1, 0xff, 0xff, 0x0,
    0x0, 0x0, 0x0, 0x1f, 0x0, 0x2f, 0xff, 0xd0,
    0x0, 0x0, 0x0, 0x0, 0x0, 0x3, 0xff, 0xfc,
    0x0, 0x0, 0x0, 0x0, 0x0, 0x0, 0x3f, 0xff,
    0xc0, 0x0, 0x0, 0x0, 0x0, 0x0, 0x3, 0xff,
    0xfc, 0x0, 0x0, 0x0, 0x0, 0x0, 0x0, 0x3f,
    0xff, 0xc0, 0x0, 0x0, 0x0, 0x0, 0x0, 0x3,
    0xff, 0xfe, 0x0, 0x0, 0x0, 0x0, 0x0, 0x0,
    0x2f, 0xff, 0xf8, 0x0, 0x0, 0x0, 0x0, 0x0,
    0x1, 0xff, 0xff, 0xf8, 0x0, 0x0, 0x0, 0x0,
    0x0, 0xf, 0xff, 0xff, 0xfe, 0x40, 0x0, 0x0,
    0x0, 0x0, 0x3f, 0xff, 0xff, 0xff, 0xe4, 0x0,
    0x0, 0x0, 0x1, 0xff, 0xff, 0xff, 0xff, 0xfd,
    0x0, 0x0, 0x0, 0x7, 0xff, 0xff, 0xff, 0xff,
    0xff, 0x40, 0x0, 0x0, 0xb, 0xff, 0xff, 0xff,
    0xff, 0xff, 0x40, 0x0, 0x0, 0xb, 0xff, 0xff,
    0xff, 0xff, 0xfe, 0x0, 0x0, 0x0, 0x6, 0xff,
    0xff, 0xff, 0xff, 0xfc, 0x0, 0x0, 0x0, 0x1,
    0xbf, 0xff, 0xff, 0xff, 0xe0, 0x0, 0x0, 0x0,
    0x0, 0x1b, 0xff, 0xff, 0xff, 0x40, 0x0, 0x0,
    0x0, 0x0, 0x1, 0xff, 0xff, 0xfc, 0x0, 0x0,
    0x0, 0x0, 0x0, 0x1, 0xff, 0xff, 0xc0, 0x0,
    0x0, 0x0, 0x0, 0x0, 0x3, 0xff, 0xfd, 0x0,
    0x0, 0x0, 0x0, 0x0, 0x0, 0x1f, 0xff, 0xe0,
    0x0, 0x0, 0x0, 0x0, 0x0, 0x0, 0xff, 0xfe,
    0x0, 0x0, 0x0, 0x0, 0x0, 0x0, 0xf, 0xff,
    0xe0, 0x50, 0x0, 0x0, 0x0, 0x0, 0x0, 0xff,
    0xfe, 0xf, 0x80, 0x0, 0x0, 0x0, 0x0, 0x2f,
    0xff, 0xd0, 0xff, 0x40, 0x0, 0x0, 0x0, 0x7,
    0xff, 0xfc, 0x2f, 0xff, 0x90, 0x0, 0x0, 0x2,
    0xff, 0xff, 0x83, 0xff, 0xff, 0xe5, 0x0, 0x16,
    0xff, 0xff, 0xf0, 0xbf, 0xff, 0xff, 0xff, 0xff,
    0xff, 0xff, 0xfe, 0xb, 0xff, 0xff, 0xff, 0xff,
    0xff, 0xff, 0xff, 0x80, 0x1f, 0xff, 0xff, 0xff,
    0xff, 0xff, 0xff, 0xe0, 0x0, 0x2f, 0xff, 0xff,
    0xff, 0xff, 0xff, 0xf4, 0x0, 0x0, 0x1f, 0xff,
    0xff, 0xff, 0xff, 0xf8, 0x0, 0x0, 0x0, 0x6,
    0xff, 0xff, 0xff, 0xe4, 0x0, 0x0, 0x0, 0x0,
    0x0, 0x15, 0x55, 0x40, 0x0, 0x0, 0x0,

    /* U+0054 "T" */
    0xff, 0xff, 0xff, 0xff, 0xff, 0xff, 0xff, 0xff,
    0xff, 0xff, 0xff, 0xff, 0xff, 0xff, 0xff, 0xff,
    0xff, 0xff, 0xff, 0xff, 0xff, 0xff, 0xff, 0xff,
    0xff, 0xff, 0xff, 0xff, 0xff, 0xff, 0xff, 0xff,
    0xff, 0xff, 0xff, 0xff, 0xff, 0xff, 0xff, 0xff,
    0xff, 0xff, 0xff, 0xff, 0xff, 0xff, 0xff, 0xff,
    0xff, 0xff, 0xff, 0xff, 0xff, 0xff, 0xaa, 0xaa,
    0xaa, 0xaf, 0xff, 0xfa, 0xaa, 0xaa, 0xaa, 0x0,
    0x0, 0x0, 0xf, 0xff, 0xf0, 0x0, 0x0, 0x0,
    0x0, 0x0, 0x0, 0xf, 0xff, 0xf0, 0x0, 0x0,
    0x0, 0x0, 0x0, 0x0, 0xf, 0xff, 0xf0, 0x0,
    0x0, 0x0, 0x0, 0x0, 0x0, 0xf, 0xff, 0xf0,
    0x0, 0x0, 0x0, 0x0, 0x0, 0x0, 0xf, 0xff,
    0xf0, 0x0, 0x0, 0x0, 0x0, 0x0, 0x0, 0xf,
    0xff, 0xf0, 0x0, 0x0, 0x0, 0x0, 0x0, 0x0,
    0xf, 0xff, 0xf0, 0x0, 0x0, 0x0, 0x0, 0x0,
    0x0, 0xf, 0xff, 0xf0, 0x0, 0x0, 0x0, 0x0,
    0x0, 0x0, 0xf, 0xff, 0xf0, 0x0, 0x0, 0x0,
    0x0, 0x0, 0x0, 0xf, 0xff, 0xf0, 0x0, 0x0,
    0x0, 0x0, 0x0, 0x0, 0xf, 0xff, 0xf0, 0x0,
    0x0, 0x0, 0x0, 0x0, 0x0, 0xf, 0xff, 0xf0,
    0x0, 0x0, 0x0, 0x0, 0x0, 0x0, 0xf, 0xff,
    0xf0, 0x0, 0x0, 0x0, 0x0, 0x0, 0x0, 0xf,
    0xff, 0xf0, 0x0, 0x0, 0x0, 0x0, 0x0, 0x0,
    0xf, 0xff, 0xf0, 0x0, 0x0, 0x0, 0x0, 0x0,
    0x0, 0xf, 0xff, 0xf0, 0x0, 0x0, 0x0, 0x0,
    0x0, 0x0, 0xf, 0xff, 0xf0, 0x0, 0x0, 0x0,
    0x0, 0x0, 0x0, 0xf, 0xff, 0xf0, 0x0, 0x0,
    0x0, 0x0, 0x0, 0x0, 0xf, 0xff, 0xf0, 0x0,
    0x0, 0x0, 0x0, 0x0, 0x0, 0xf, 0xff, 0xf0,
    0x0, 0x0, 0x0, 0x0, 0x0, 0x0, 0xf, 0xff,
    0xf0, 0x0, 0x0, 0x0, 0x0, 0x0, 0x0, 0xf,
    0xff, 0xf0, 0x0, 0x0, 0x0, 0x0, 0x0, 0x0,
    0xf, 0xff, 0xf0, 0x0, 0x0, 0x0, 0x0, 0x0,
    0x0, 0xf, 0xff, 0xf0, 0x0, 0x0, 0x0, 0x0,
    0x0, 0x0, 0xf, 0xff, 0xf0, 0x0, 0x0, 0x0,
    0x0, 0x0, 0x0, 0xf, 0xff, 0xf0, 0x0, 0x0,
    0x0, 0x0, 0x0, 0x0, 0xf, 0xff, 0xf0, 0x0,
    0x0, 0x0, 0x0, 0x0, 0x0, 0xf, 0xff, 0xf0,
    0x0, 0x0, 0x0, 0x0, 0x0, 0x0, 0xf, 0xff,
    0xf0, 0x0, 0x0, 0x0, 0x0, 0x0, 0x0, 0xf,
    0xff, 0xf0, 0x0, 0x0, 0x0, 0x0, 0x0, 0x0,
    0xf, 0xff, 0xf0, 0x0, 0x0, 0x0, 0x0, 0x0,
    0x0, 0xf, 0xff, 0xf0, 0x0, 0x0, 0x0, 0x0,
    0x0, 0x0, 0xf, 0xff, 0xf0, 0x0, 0x0, 0x0,
    0x0, 0x0, 0x0, 0xf, 0xff, 0xf0, 0x0, 0x0,
    0x0, 0x0, 0x0, 0x0, 0xf, 0xff, 0xf0, 0x0,
    0x0, 0x0, 0x0, 0x0, 0x0, 0xf, 0xff, 0xf0,
    0x0, 0x0, 0x0,

    /* U+0055 "U" */
    0xbf, 0xff, 0x0, 0x0, 0x0, 0x0, 0x0, 0x2f,
    0xff, 0xcb, 0xff, 0xf0, 0x0, 0x0, 0x0, 0x0,
    0x2, 0xff, 0xfc, 0xbf, 0xff, 0x0, 0x0, 0x0,
    0x0, 0x0, 0x2f, 0xff, 0xcb, 0xff, 0xf0, 0x0,
    0x0, 0x0, 0x0, 0x2, 0xff, 0xfc, 0xbf, 0xff,
    0x0, 0x0, 0x0, 0x0, 0x0, 0x2f, 0xff, 0xcb,
    0xff, 0xf0, 0x0, 0x0, 0x0, 0x0, 0x2, 0xff,
    0xfc, 0xbf, 0xff, 0x0, 0x0, 0x0, 0x0, 0x0,
    0x2f, 0xff, 0xcb, 0xff, 0xf0, 0x0, 0x0, 0x0,
    0x0, 0x2, 0xff, 0xfc, 0xbf, 0xff, 0x0, 0x0,
    0x0, 0x0, 0x0, 0x2f, 0xff, 0xcb, 0xff, 0xf0,
    0x0, 0x0, 0x0, 0x0, 0x2, 0xff, 0xfc, 0xbf,
    0xff, 0x0, 0x0, 0x0, 0x0, 0x0, 0x2f, 0xff,
    0xcb, 0xff, 0xf0, 0x0, 0x0, 0x0, 0x0, 0x2,
    0xff, 0xfc, 0xbf, 0xff, 0x0, 0x0, 0x0, 0x0,
    0x0, 0x2f, 0xff, 0xcb, 0xff, 0xf0, 0x0, 0x0,
    0x0, 0x0, 0x2, 0xff, 0xfc, 0xbf, 0xff, 0x0,
    0x0, 0x0, 0x0, 0x0, 0x2f, 0xff, 0xcb, 0xff,
    0xf0, 0x0, 0x0, 0x0, 0x0, 0x2, 0xff, 0xfc,
    0xbf, 0xff, 0x0, 0x0, 0x0, 0x0, 0x0, 0x2f,
    0xff, 0xcb, 0xff, 0xf0, 0x0, 0x0, 0x0, 0x0,
    0x2, 0xff, 0xfc, 0xbf, 0xff, 0x0, 0x0, 0x0,
    0x0, 0x0, 0x2f, 0xff, 0xcb, 0xff, 0xf0, 0x0,
    0x0, 0x0, 0x0, 0x2, 0xff, 0xfc, 0xbf, 0xff,
    0x0, 0x0, 0x0, 0x0, 0x0, 0x2f, 0xff, 0xcb,
    0xff, 0xf0, 0x0, 0x0, 0x0, 0x0, 0x2, 0xff,
    0xfc, 0xbf, 0xff, 0x0, 0x0, 0x0, 0x0, 0x0,
    0x2f, 0xff, 0xcb, 0xff, 0xf0, 0x0, 0x0, 0x0,
    0x0, 0x2, 0xff, 0xfc, 0xbf, 0xff, 0x0, 0x0,
    0x0, 0x0, 0x0, 0x2f, 0xff, 0xcb, 0xff, 0xf0,
    0x0, 0x0, 0x0, 0x0, 0x2, 0xff, 0xfc, 0xbf,
    0xff, 0x0, 0x0, 0x0, 0x0, 0x0, 0x3f, 0xff,
    0xcb, 0xff, 0xf4, 0x0, 0x0, 0x0, 0x0, 0x3,
    0xff, 0xfc, 0x7f, 0xff, 0x80, 0x0, 0x0, 0x0,
    0x0, 0x3f, 0xff, 0xc3, 0xff, 0xfc, 0x0, 0x0,
    0x0, 0x0, 0x7, 0xff, 0xf8, 0x3f, 0xff, 0xc0,
    0x0, 0x0, 0x0, 0x0, 0xbf, 0xff, 0x43, 0xff,
    0xfe, 0x0, 0x0, 0x0, 0x0, 0xf, 0xff, 0xf0,
    0x1f, 0xff, 0xf0, 0x0, 0x0, 0x0, 0x2, 0xff,
    0xff, 0x0, 0xff, 0xff, 0xc0, 0x0, 0x0, 0x0,
    0x7f, 0xff, 0xd0, 0xb, 0xff, 0xff, 0x0, 0x0,
    0x0, 0x2f, 0xff, 0xfc, 0x0, 0x3f, 0xff, 0xfe,
    0x0, 0x0, 0x1f, 0xff, 0xff, 0x40, 0x1, 0xff,
    0xff, 0xff, 0xa6, 0xaf, 0xff, 0xff, 0xf0, 0x0,
    0xb, 0xff, 0xff, 0xff, 0xff, 0xff, 0xff, 0xfc,
    0x0, 0x0, 0x3f, 0xff, 0xff, 0xff, 0xff, 0xff,
    0xff, 0x0, 0x0, 0x0, 0xbf, 0xff, 0xff, 0xff,
    0xff, 0xff, 0xc0, 0x0, 0x0, 0x1, 0xff, 0xff,
    0xff, 0xff, 0xff, 0xe0, 0x0, 0x0, 0x0, 0x2,
    0xff, 0xff, 0xff, 0xff, 0xf4, 0x0, 0x0, 0x0,
    0x0, 0x1, 0xbf, 0xff, 0xff, 0xe0, 0x0, 0x0,
    0x0, 0x0, 0x0, 0x0, 0x15, 0x55, 0x0, 0x0,
    0x0, 0x0,

    /* U+0056 "V" */
    0x3f, 0xff, 0xd0, 0x0, 0x0, 0x0, 0x0, 0x0,
    0x0, 0x3f, 0xff, 0xc2, 0xff, 0xff, 0x0, 0x0,
    0x0, 0x0, 0x0, 0x0, 0x7, 0xff, 0xf4, 0xf,
    0xff, 0xf0, 0x0, 0x0, 0x0, 0x0, 0x0, 0x0,
    0xff, 0xff, 0x0, 0xff, 0xff, 0x80, 0x0, 0x0,
    0x0, 0x0, 0x0, 0x1f, 0xff, 0xe0, 0x7, 0xff,
    0xfc, 0x0, 0x0, 0x0, 0x0, 0x0, 0x2, 0xff,
    0xfc, 0x0, 0x3f, 0xff, 0xd0, 0x0, 0x0, 0x0,
    0x0, 0x0, 0x3f, 0xff, 0x80, 0x2, 0xff, 0xff,
    0x0, 0x0, 0x0, 0x0, 0x0, 0xb, 0xff, 0xf4,
    0x0, 0xf, 0xff, 0xf4, 0x0, 0x0, 0x0, 0x0,
    0x0, 0xff, 0xff, 0x0, 0x0, 0xbf, 0xff, 0x80,
    0x0, 0x0, 0x0, 0x0, 0x1f, 0xff, 0xd0, 0x0,
    0x3, 0xff, 0xfc, 0x0, 0x0, 0x0, 0x0, 0x3,
    0xff, 0xfc, 0x0, 0x0, 0x3f, 0xff, 0xe0, 0x0,
    0x0, 0x0, 0x0, 0x3f, 0xff, 0x80, 0x0, 0x1,
    0xff, 0xff, 0x0, 0x0, 0x0, 0x0, 0xb, 0xff,
    0xf0, 0x0, 0x0, 0xf, 0xff, 0xf4, 0x0, 0x0,
    0x0, 0x0, 0xff, 0xfe, 0x0, 0x0, 0x0, 0xbf,
    0xff, 0xc0, 0x0, 0x0, 0x0, 0x2f, 0xff, 0xd0,
    0x0, 0x0, 0x3, 0xff, 0xfd, 0x0, 0x0, 0x0,
    0x3, 0xff, 0xfc, 0x0, 0x0, 0x0, 0x2f, 0xff,
    0xe0, 0x0, 0x0, 0x0, 0x7f, 0xff, 0x40, 0x0,
    0x0, 0x1, 0xff, 0xff, 0x0, 0x0, 0x0, 0xf,
    0xff, 0xf0, 0x0, 0x0, 0x0, 0xf, 0xff, 0xf8,
    0x0, 0x0, 0x0, 0xff, 0xfe, 0x0, 0x0, 0x0,
    0x0, 0x7f, 0xff, 0xc0, 0x0, 0x0, 0x2f, 0xff,
    0xc0, 0x0, 0x0, 0x0, 0x3, 0xff, 0xfd, 0x0,
    0x0, 0x3, 0xff, 0xf8, 0x0, 0x0, 0x0, 0x0,
    0x2f, 0xff, 0xf0, 0x0, 0x0, 0x7f, 0xff, 0x40,
    0x0, 0x0, 0x0, 0x0, 0xff, 0xff, 0x0, 0x0,
    0xf, 0xff, 0xf0, 0x0, 0x0, 0x0, 0x0, 0xb,
    0xff, 0xf8, 0x0, 0x1, 0xff, 0xfd, 0x0, 0x0,
    0x0, 0x0, 0x0, 0x7f, 0xff, 0xc0, 0x0, 0x3f,
    0xff, 0xc0, 0x0, 0x0, 0x0, 0x0, 0x3, 0xff,
    0xfe, 0x0, 0x3, 0xff, 0xf8, 0x0, 0x0, 0x0,
    0x0, 0x0, 0x1f, 0xff, 0xf0, 0x0, 0xbf, 0xff,
    0x0, 0x0, 0x0, 0x0, 0x0, 0x0, 0xff, 0xff,
    0x40, 0xf, 0xff, 0xf0, 0x0, 0x0, 0x0, 0x0,
    0x0, 0xb, 0xff, 0xfc, 0x1, 0xff, 0xfd, 0x0,
    0x0, 0x0, 0x0, 0x0, 0x0, 0x3f, 0xff, 0xc0,
    0x3f, 0xff, 0xc0, 0x0, 0x0, 0x0, 0x0, 0x0,
    0x2, 0xff, 0xfe, 0x7, 0xff, 0xf4, 0x0, 0x0,
    0x0, 0x0, 0x0, 0x0, 0x1f, 0xff, 0xf0, 0xff,
    0xff, 0x0, 0x0, 0x0, 0x0, 0x0, 0x0, 0x0,
    0xff, 0xff, 0x4f, 0xff, 0xe0, 0x0, 0x0, 0x0,
    0x0, 0x0, 0x0, 0x7, 0xff, 0xfe, 0xff, 0xfc,
    0x0, 0x0, 0x0, 0x0, 0x0, 0x0, 0x0, 0x3f,
    0xff, 0xff, 0xff, 0xc0, 0x0, 0x0, 0x0, 0x0,
    0x0, 0x0, 0x2, 0xff, 0xff, 0xff, 0xf4, 0x0,
    0x0, 0x0, 0x0, 0x0, 0x0, 0x0, 0xf, 0xff,
    0xff, 0xff, 0x0, 0x0, 0x0, 0x0, 0x0, 0x0,
    0x0, 0x0, 0xbf, 0xff, 0xff, 0xe0, 0x0, 0x0,
    0x0, 0x0, 0x0, 0x0, 0x0, 0x7, 0xff, 0xff,
    0xfc, 0x0, 0x0, 0x0, 0x0, 0x0, 0x0, 0x0,
    0x0, 0x3f, 0xff, 0xff, 0x80, 0x0, 0x0, 0x0,
    0x0, 0x0, 0x0, 0x0, 0x1, 0xff, 0xff, 0xf0,
    0x0, 0x0, 0x0, 0x0, 0x0, 0x0, 0x0, 0x0,
    0xf, 0xff, 0xff, 0x0, 0x0, 0x0, 0x0, 0x0,
    0x0, 0x0, 0x0, 0x0, 0xbf, 0xff, 0xd0, 0x0,
    0x0, 0x0, 0x0, 0x0, 0x0, 0x0, 0x0, 0x3,
    0xff, 0xfc, 0x0, 0x0, 0x0, 0x0, 0x0,

    /* U+0057 "W" */
    0x3f, 0xff, 0xc0, 0x0, 0x0, 0x0, 0x0, 0xf,
    0xff, 0xd0, 0x0, 0x0, 0x0, 0x0, 0xb, 0xff,
    0xf0, 0xff, 0xff, 0x0, 0x0, 0x0, 0x0, 0x0,
    0x7f, 0xff, 0x80, 0x0, 0x0, 0x0, 0x0, 0x3f,
    0xff, 0x82, 0xff, 0xfe, 0x0, 0x0, 0x0, 0x0,
    0x3, 0xff, 0xff, 0x0, 0x0, 0x0, 0x0, 0x0,
    0xff, 0xfc, 0x3, 0xff, 0xfc, 0x0, 0x0, 0x0,
    0x0, 0xf, 0xff, 0xfd, 0x0, 0x0, 0x0, 0x0,
    0xb, 0xff, 0xf0, 0xf, 0xff, 0xf0, 0x0, 0x0,
    0x0, 0x0, 0x7f, 0xff, 0xf8, 0x0, 0x0, 0x0,
    0x0, 0x3f, 0xff, 0x80, 0x2f, 0xff, 0xd0, 0x0,
    0x0, 0x0, 0x3, 0xff, 0xff, 0xf0, 0x0, 0x0,
    0x0, 0x0, 0xff, 0xfc, 0x0, 0x7f, 0xff, 0xc0,
    0x0, 0x0, 0x0, 0xf, 0xff, 0xff, 0xd0, 0x0,
    0x0, 0x0, 0xb, 0xff, 0xf0, 0x0, 0xff, 0xff,
    0x0, 0x0, 0x0, 0x0, 0x7f, 0xff, 0xff, 0x80,
    0x0, 0x0, 0x0, 0x3f, 0xff, 0x80, 0x2, 0xff,
    0xfd, 0x0, 0x0, 0x0, 0x3, 0xff, 0xff, 0xff,
    0x0, 0x0, 0x0, 0x0, 0xff, 0xfd, 0x0, 0x7,
    0xff, 0xfc, 0x0, 0x0, 0x0, 0xf, 0xff, 0xff,
    0xfd, 0x0, 0x0, 0x0, 0xb, 0xff, 0xf0, 0x0,
    0xf, 0xff, 0xf0, 0x0, 0x0, 0x0, 0x7f, 0xff,
    0xff, 0xf8, 0x0, 0x0, 0x0, 0x3f, 0xff, 0x80,
    0x0, 0x2f, 0xff, 0xd0, 0x0, 0x0, 0x3, 0xff,
    0xff, 0xff, 0xf0, 0x0, 0x0, 0x0, 0xff, 0xfd,
    0x0, 0x0, 0x7f, 0xff, 0x80, 0x0, 0x0, 0xf,
    0xff, 0xcf, 0xff, 0xd0, 0x0, 0x0, 0xb, 0xff,
    0xf0, 0x0, 0x0, 0xff, 0xff, 0x0, 0x0, 0x0,
    0x7f, 0xfe, 0x3f, 0xff, 0x80, 0x0, 0x0, 0x3f,
    0xff, 0x80, 0x0, 0x2, 0xff, 0xfd, 0x0, 0x0,
    0x3, 0xff, 0xf4, 0x7f, 0xff, 0x0, 0x0, 0x0,
    0xff, 0xfd, 0x0, 0x0, 0x7, 0xff, 0xf8, 0x0,
    0x0, 0xf, 0xff, 0xc0, 0xff, 0xfc, 0x0, 0x0,
    0x7, 0xff, 0xf0, 0x0, 0x0, 0xf, 0xff, 0xf0,
    0x0, 0x0, 0x7f, 0xfe, 0x3, 0xff, 0xf8, 0x0,
    0x0, 0x3f, 0xff, 0x80, 0x0, 0x0, 0x2f, 0xff,
    0xd0, 0x0, 0x3, 0xff, 0xf4, 0xb, 0xff, 0xf0,
    0x0, 0x0, 0xff, 0xfd, 0x0, 0x0, 0x0, 0x7f,
    0xff, 0x80, 0x0, 0xf, 0xff, 0xc0, 0xf, 0xff,
    0xc0, 0x0, 0x7, 0xff, 0xf0, 0x0, 0x0, 0x0,
    0xff, 0xff, 0x0, 0x0, 0x7f, 0xfe, 0x0, 0x3f,
    0xff, 0x80, 0x0, 0x3f, 0xff, 0x80, 0x0, 0x0,
    0x2, 0xff, 0xfd, 0x0, 0x3, 0xff, 0xf4, 0x0,
    0xbf, 0xff, 0x0, 0x0, 0xff, 0xfd, 0x0, 0x0,
    0x0, 0x7, 0xff, 0xf8, 0x0, 0xf, 0xff, 0xc0,
    0x0, 0xff, 0xfc, 0x0, 0x7, 0xff, 0xf0, 0x0,
    0x0, 0x0, 0xf, 0xff, 0xf0, 0x0, 0x7f, 0xfe,
    0x0, 0x3, 0xff, 0xf4, 0x0, 0x3f, 0xff, 0x80,
    0x0, 0x0, 0x0, 0x3f, 0xff, 0xc0, 0x3, 0xff,
    0xf4, 0x0, 0xb, 0xff, 0xf0, 0x0, 0xff, 0xfd,
    0x0, 0x0, 0x0, 0x0, 0x7f, 0xff, 0x80, 0xf,
    0xff, 0xc0, 0x0, 0xf, 0xff, 0xc0, 0x7, 0xff,
    0xf0, 0x0, 0x0, 0x0, 0x0, 0xff, 0xff, 0x0,
    0x7f, 0xfe, 0x0, 0x0, 0x3f, 0xff, 0x40, 0x3f,
    0xff, 0xc0, 0x0, 0x0, 0x0, 0x3, 0xff, 0xfc,
    0x3, 0xff, 0xf4, 0x0, 0x0, 0xbf, 0xff, 0x0,
    0xff, 0xfd, 0x0, 0x0, 0x0, 0x0, 0x7, 0xff,
    0xf4, 0xf, 0xff, 0xc0, 0x0, 0x1, 0xff, 0xfc,
    0x7, 0xff, 0xf0, 0x0, 0x0, 0x0, 0x0, 0xf,
    0xff, 0xf0, 0x7f, 0xfe, 0x0, 0x0, 0x3, 0xff,
    0xf4, 0x2f, 0xff, 0xc0, 0x0, 0x0, 0x0, 0x0,
    0x3f, 0xff, 0xc3, 0xff, 0xf4, 0x0, 0x0, 0xb,
    0xff, 0xf0, 0xff, 0xfd, 0x0, 0x0, 0x0, 0x0,
    0x0, 0xbf, 0xff, 0x4f, 0xff, 0xc0, 0x0, 0x0,
    0x1f, 0xff, 0xc7, 0xff, 0xf0, 0x0, 0x0, 0x0,
    0x0, 0x0, 0xff, 0xff, 0x7f, 0xfe, 0x0, 0x0,
    0x0, 0x3f, 0xff, 0x6f, 0xff, 0xc0, 0x0, 0x0,
    0x0, 0x0, 0x3, 0xff, 0xff, 0xff, 0xf4, 0x0,
    0x0, 0x0, 0xbf, 0xff, 0xff, 0xfd, 0x0, 0x0,
    0x0, 0x0, 0x0, 0xb, 0xff, 0xff, 0xff, 0xc0,
    0x0, 0x0, 0x1, 0xff, 0xff, 0xff, 0xf0, 0x0,
    0x0, 0x0, 0x0, 0x0, 0xf, 0xff, 0xff, 0xfe,
    0x0, 0x0, 0x0, 0x3, 0xff, 0xff, 0xff, 0xc0,
    0x0, 0x0, 0x0, 0x0, 0x0, 0x3f, 0xff, 0xff,
    0xf4, 0x0, 0x0, 0x0, 0xb, 0xff, 0xff, 0xfe,
    0x0, 0x0, 0x0, 0x0, 0x0, 0x0, 0xbf, 0xff,
    0xff, 0xc0, 0x0, 0x0, 0x0, 0x1f, 0xff, 0xff,
    0xf0, 0x0, 0x0, 0x0, 0x0, 0x0, 0x0, 0xff,
    0xff, 0xfe, 0x0, 0x0, 0x0, 0x0, 0x3f, 0xff,
    0xff, 0xc0, 0x0, 0x0, 0x0, 0x0, 0x0, 0x3,
    0xff, 0xff, 0xf4, 0x0, 0x0, 0x0, 0x0, 0xbf,
    0xff, 0xfe, 0x0, 0x0, 0x0, 0x0, 0x0, 0x0,
    0xb, 0xff, 0xff, 0xc0, 0x0, 0x0, 0x0, 0x1,
    0xff, 0xff, 0xf0, 0x0, 0x0, 0x0, 0x0, 0x0,
    0x0, 0x1f, 0xff, 0xfe, 0x0, 0x0, 0x0, 0x0,
    0x3, 0xff, 0xff, 0xc0, 0x0, 0x0, 0x0, 0x0,
    0x0, 0x0, 0x3f, 0xff, 0xf4, 0x0, 0x0, 0x0,
    0x0, 0xb, 0xff, 0xfe, 0x0, 0x0, 0x0, 0x0,
    0x0, 0x0, 0x0, 0xbf, 0xff, 0xc0, 0x0, 0x0,
    0x0, 0x0, 0x1f, 0xff, 0xf4, 0x0, 0x0, 0x0,
    0x0,

    /* U+0058 "X" */
    0x1f, 0xff, 0xf8, 0x0, 0x0, 0x0, 0x0, 0x3,
    0xff, 0xfe, 0x0, 0xbf, 0xff, 0xd0, 0x0, 0x0,
    0x0, 0x0, 0x7f, 0xff, 0xc0, 0x3, 0xff, 0xff,
    0x0, 0x0, 0x0, 0x0, 0xf, 0xff, 0xf4, 0x0,
    0xf, 0xff, 0xf8, 0x0, 0x0, 0x0, 0x3, 0xff,
    0xfe, 0x0, 0x0, 0x7f, 0xff, 0xd0, 0x0, 0x0,
    0x0, 0xbf, 0xff, 0xc0, 0x0, 0x3, 0xff, 0xff,
    0x0, 0x0, 0x0, 0x1f, 0xff, 0xf0, 0x0, 0x0,
    0xf, 0xff, 0xfc, 0x0, 0x0, 0x3, 0xff, 0xfd,
    0x0, 0x0, 0x0, 0x7f, 0xff, 0xd0, 0x0, 0x0,
    0xbf, 0xff, 0x80, 0x0, 0x0, 0x2, 0xff, 0xff,
    0x0, 0x0, 0x1f, 0xff, 0xf0, 0x0, 0x0, 0x0,
    0xf, 0xff, 0xfc, 0x0, 0x3, 0xff, 0xfd, 0x0,
    0x0, 0x0, 0x0, 0x7f, 0xff, 0xe0, 0x0, 0xff,
    0xff, 0x80, 0x0, 0x0, 0x0, 0x2, 0xff, 0xff,
    0x40, 0x1f, 0xff, 0xf0, 0x0, 0x0, 0x0, 0x0,
    0xf, 0xff, 0xfc, 0x3, 0xff, 0xfc, 0x0, 0x0,
    0x0, 0x0, 0x0, 0x3f, 0xff, 0xe0, 0xff, 0xff,
    0x40, 0x0, 0x0, 0x0, 0x0, 0x1, 0xff, 0xff,
    0x6f, 0xff, 0xe0, 0x0, 0x0, 0x0, 0x0, 0x0,
    0xb, 0xff, 0xff, 0xff, 0xfc, 0x0, 0x0, 0x0,
    0x0, 0x0, 0x0, 0x3f, 0xff, 0xff, 0xff, 0x40,
    0x0, 0x0, 0x0, 0x0, 0x0, 0x1, 0xff, 0xff,
    0xff, 0xe0, 0x0, 0x0, 0x0, 0x0, 0x0, 0x0,
    0xb, 0xff, 0xff, 0xfc, 0x0, 0x0, 0x0, 0x0,
    0x0, 0x0, 0x0, 0x3f, 0xff, 0xff, 0x0, 0x0,
    0x0, 0x0, 0x0, 0x0, 0x0, 0x0, 0xff, 0xff,
    0xe0, 0x0, 0x0, 0x0, 0x0, 0x0, 0x0, 0x0,
    0xf, 0xff, 0xff, 0x0, 0x0, 0x0, 0x0, 0x0,
    0x0, 0x0, 0x3, 0xff, 0xff, 0xf8, 0x0, 0x0,
    0x0, 0x0, 0x0, 0x0, 0x0, 0xbf, 0xff, 0xff,
    0xd0, 0x0, 0x0, 0x0, 0x0, 0x0, 0x0, 0x1f,
    0xff, 0xff, 0xff, 0x0, 0x0, 0x0, 0x0, 0x0,
    0x0, 0x3, 0xff, 0xff, 0xff, 0xf8, 0x0, 0x0,
    0x0, 0x0, 0x0, 0x0, 0xbf, 0xff, 0xff, 0xff,
    0xd0, 0x0, 0x0, 0x0, 0x0, 0x0, 0x1f, 0xff,
    0xf2, 0xff, 0xff, 0x0, 0x0, 0x0, 0x0, 0x0,
    0x3, 0xff, 0xfd, 0xf, 0xff, 0xfc, 0x0, 0x0,
    0x0, 0x0, 0x0, 0xff, 0xff, 0x80, 0x7f, 0xff,
    0xe0, 0x0, 0x0, 0x0, 0x0, 0x2f, 0xff, 0xf0,
    0x2, 0xff, 0xff, 0x0, 0x0, 0x0, 0x0, 0x7,
    0xff, 0xfd, 0x0, 0xf, 0xff, 0xfc, 0x0, 0x0,
    0x0, 0x0, 0xff, 0xff, 0x80, 0x0, 0x3f, 0xff,
    0xe0, 0x0, 0x0, 0x0, 0x2f, 0xff, 0xf0, 0x0,
    0x2, 0xff, 0xff, 0x40, 0x0, 0x0, 0x7, 0xff,
    0xfd, 0x0, 0x0, 0xf, 0xff, 0xfc, 0x0, 0x0,
    0x0, 0xff, 0xff, 0x80, 0x0, 0x0, 0x3f, 0xff,
    0xf0, 0x0, 0x0, 0x3f, 0xff, 0xf0, 0x0, 0x0,
    0x1, 0xff, 0xff, 0x40, 0x0, 0xb, 0xff, 0xfc,
    0x0, 0x0, 0x0, 0xb, 0xff, 0xfc, 0x0, 0x1,
    0xff, 0xff, 0x80, 0x0, 0x0, 0x0, 0x3f, 0xff,
    0xf0, 0x0, 0x3f, 0xff, 0xf0, 0x0, 0x0, 0x0,
    0x1, 0xff, 0xff, 0x80, 0xb, 0xff, 0xfc, 0x0,
    0x0, 0x0, 0x0, 0xb, 0xff, 0xfd, 0x1, 0xff,
    0xff, 0x40, 0x0, 0x0, 0x0, 0x0, 0x3f, 0xff,
    0xf0, 0x3f, 0xff, 0xf0, 0x0, 0x0, 0x0, 0x0,
    0x1, 0xff, 0xff, 0x80,

    /* U+0059 "Y" */
    0x7f, 0xff, 0xc0, 0x0, 0x0, 0x0, 0x0, 0x0,
    0x3f, 0xff, 0xc2, 0xff, 0xfe, 0x0, 0x0, 0x0,
    0x0, 0x0, 0x7, 0xff, 0xf4, 0xf, 0xff, 0xf4,
    0x0, 0x0, 0x0, 0x0, 0x0, 0xff, 0xfe, 0x0,
    0x7f, 0xff, 0xc0, 0x0, 0x0, 0x0, 0x0, 0x2f,
    0xff, 0xc0, 0x3, 0xff, 0xfd, 0x0, 0x0, 0x0,
    0x0, 0x3, 0xff, 0xf8, 0x0, 0x1f, 0xff, 0xf0,
    0x0, 0x0, 0x0, 0x0, 0xbf, 0xff, 0x0, 0x0,
    0xbf, 0xff, 0x80, 0x0, 0x0, 0x0, 0x1f, 0xff,
    0xd0, 0x0, 0x3, 0xff, 0xfc, 0x0, 0x0, 0x0,
    0x3, 0xff, 0xfc, 0x0, 0x0, 0x2f, 0xff, 0xf0,
    0x0, 0x0, 0x0, 0xbf, 0xff, 0x0, 0x0, 0x0,
    0xff, 0xff, 0x40, 0x0, 0x0, 0xf, 0xff, 0xe0,
    0x0, 0x0, 0x7, 0xff, 0xfc, 0x0, 0x0, 0x2,
    0xff, 0xfc, 0x0, 0x0, 0x0, 0x2f, 0xff, 0xe0,
    0x0, 0x0, 0x7f, 0xff, 0x40, 0x0, 0x0, 0x0,
    0xff, 0xff, 0x0, 0x0, 0xf, 0xff, 0xf0, 0x0,
    0x0, 0x0, 0xb, 0xff, 0xf8, 0x0, 0x1, 0xff,
    0xfc, 0x0, 0x0, 0x0, 0x0, 0x3f, 0xff, 0xd0,
    0x0, 0x3f, 0xff, 0x80, 0x0, 0x0, 0x0, 0x1,
    0xff, 0xff, 0x0, 0xb, 0xff, 0xf0, 0x0, 0x0,
    0x0, 0x0, 0xf, 0xff, 0xf4, 0x1, 0xff, 0xfd,
    0x0, 0x0, 0x0, 0x0, 0x0, 0x3f, 0xff, 0xc0,
    0x3f, 0xff, 0xc0, 0x0, 0x0, 0x0, 0x0, 0x2,
    0xff, 0xfe, 0x7, 0xff, 0xf4, 0x0, 0x0, 0x0,
    0x0, 0x0, 0xf, 0xff, 0xf0, 0xff, 0xfe, 0x0,
    0x0, 0x0, 0x0, 0x0, 0x0, 0x7f, 0xff, 0xef,
    0xff, 0xc0, 0x0, 0x0, 0x0, 0x0, 0x0, 0x3,
    0xff, 0xff, 0xff, 0xf8, 0x0, 0x0, 0x0, 0x0,
    0x0, 0x0, 0xf, 0xff, 0xff, 0xff, 0x0, 0x0,
    0x0, 0x0, 0x0, 0x0, 0x0, 0xbf, 0xff, 0xff,
    0xd0, 0x0, 0x0, 0x0, 0x0, 0x0, 0x0, 0x3,
    0xff, 0xff, 0xfc, 0x0, 0x0, 0x0, 0x0, 0x0,
    0x0, 0x0, 0x1f, 0xff, 0xff, 0x0, 0x0, 0x0,
    0x0, 0x0, 0x0, 0x0, 0x0, 0xff, 0xff, 0xe0,
    0x0, 0x0, 0x0, 0x0, 0x0, 0x0, 0x0, 0x7,
    0xff, 0xfc, 0x0, 0x0, 0x0, 0x0, 0x0, 0x0,
    0x0, 0x0, 0x3f, 0xff, 0xc0, 0x0, 0x0, 0x0,
    0x0, 0x0, 0x0, 0x0, 0x3, 0xff, 0xfc, 0x0,
    0x0, 0x0, 0x0, 0x0, 0x0, 0x0, 0x0, 0x3f,
    0xff, 0xc0, 0x0, 0x0, 0x0, 0x0, 0x0, 0x0,
    0x0, 0x3, 0xff, 0xfc, 0x0, 0x0, 0x0, 0x0,
    0x0, 0x0, 0x0, 0x0, 0x3f, 0xff, 0xc0, 0x0,
    0x0, 0x0, 0x0, 0x0, 0x0, 0x0, 0x3, 0xff,
    0xfc, 0x0, 0x0, 0x0, 0x0, 0x0, 0x0, 0x0,
    0x0, 0x3f, 0xff, 0xc0, 0x0, 0x0, 0x0, 0x0,
    0x0, 0x0, 0x0, 0x3, 0xff, 0xfc, 0x0, 0x0,
    0x0, 0x0, 0x0, 0x0, 0x0, 0x0, 0x3f, 0xff,
    0xc0, 0x0, 0x0, 0x0, 0x0, 0x0, 0x0, 0x0,
    0x3, 0xff, 0xfc, 0x0, 0x0, 0x0, 0x0, 0x0,
    0x0, 0x0, 0x0, 0x3f, 0xff, 0xc0, 0x0, 0x0,
    0x0, 0x0, 0x0, 0x0, 0x0, 0x3, 0xff, 0xfc,
    0x0, 0x0, 0x0, 0x0, 0x0, 0x0, 0x0, 0x0,
    0x3f, 0xff, 0xc0, 0x0, 0x0, 0x0, 0x0, 0x0,
    0x0, 0x0, 0x3, 0xff, 0xfc, 0x0, 0x0, 0x0,
    0x0, 0x0, 0x0, 0x0, 0x0, 0x3f, 0xff, 0xc0,
    0x0, 0x0, 0x0, 0x0,

    /* U+005A "Z" */
    0x3f, 0xff, 0xff, 0xff, 0xff, 0xff, 0xff, 0xff,
    0xfe, 0xf, 0xff, 0xff, 0xff, 0xff, 0xff, 0xff,
    0xff, 0xff, 0x83, 0xff, 0xff, 0xff, 0xff, 0xff,
    0xff, 0xff, 0xff, 0xe0, 0xff, 0xff, 0xff, 0xff,
    0xff, 0xff, 0xff, 0xff, 0xf8, 0x3f, 0xff, 0xff,
    0xff, 0xff, 0xff, 0xff, 0xff, 0xfe, 0xf, 0xff,
    0xff, 0xff, 0xff, 0xff, 0xff, 0xff, 0xff, 0x42,
    0xaa, 0xaa, 0xaa, 0xaa, 0xaa, 0xab, 0xff, 0xff,
    0x80, 0x0, 0x0, 0x0, 0x0, 0x0, 0x1, 0xff,
    0xff, 0x80, 0x0, 0x0, 0x0, 0x0, 0x0, 0x1,
    0xff, 0xff, 0xc0, 0x0, 0x0, 0x0, 0x0, 0x0,
    0x0, 0xff, 0xff, 0xc0, 0x0, 0x0, 0x0, 0x0,
    0x0, 0x0, 0xff, 0xff, 0xd0, 0x0, 0x0, 0x0,
    0x0, 0x0, 0x0, 0xbf, 0xff, 0xe0, 0x0, 0x0,
    0x0, 0x0, 0x0, 0x0, 0x7f, 0xff, 0xe0, 0x0,
    0x0, 0x0, 0x0, 0x0, 0x0, 0x3f, 0xff, 0xf0,
    0x0, 0x0, 0x0, 0x0, 0x0, 0x0, 0x3f, 0xff,
    0xf0, 0x0, 0x0, 0x0, 0x0, 0x0, 0x0, 0x3f,
    0xff, 0xf4, 0x0, 0x0, 0x0, 0x0, 0x0, 0x0,
    0x2f, 0xff, 0xf8, 0x0, 0x0, 0x0, 0x0, 0x0,
    0x0, 0x1f, 0xff, 0xfc, 0x0, 0x0, 0x0, 0x0,
    0x0, 0x0, 0xf, 0xff, 0xfc, 0x0, 0x0, 0x0,
    0x0, 0x0, 0x0, 0xf, 0xff, 0xfc, 0x0, 0x0,
    0x0, 0x0, 0x0, 0x0, 0xf, 0xff, 0xfd, 0x0,
    0x0, 0x0, 0x0, 0x0, 0x0, 0xb, 0xff, 0xfe,
    0x0, 0x0, 0x0, 0x0, 0x0, 0x0, 0x7, 0xff,
    0xff, 0x0, 0x0, 0x0, 0x0, 0x0, 0x0, 0x3,
    0xff, 0xff, 0x0, 0x0, 0x0, 0x0, 0x0, 0x0,
    0x3, 0xff, 0xff, 0x0, 0x0, 0x0, 0x0, 0x0,
    0x0, 0x3, 0xff, 0xff, 0x40, 0x0, 0x0, 0x0,
    0x0, 0x0, 0x2, 0xff, 0xff, 0x80, 0x0, 0x0,
    0x0, 0x0, 0x0, 0x1, 0xff, 0xff, 0xc0, 0x0,
    0x0, 0x0, 0x0, 0x0, 0x0, 0xff, 0xff, 0xc0,
    0x0, 0x0, 0x0, 0x0, 0x0, 0x0, 0xff, 0xff,
    0xc0, 0x0, 0x0, 0x0, 0x0, 0x0, 0x0, 0xff,
    0xff, 0xd0, 0x0, 0x0, 0x0, 0x0, 0x0, 0x0,
    0xbf, 0xff, 0xe0, 0x0, 0x0, 0x0, 0x0, 0x0,
    0x0, 0x7f, 0xff, 0xf0, 0x0, 0x0, 0x0, 0x0,
    0x0, 0x0, 0x3f, 0xff, 0xf0, 0x0, 0x0, 0x0,
    0x0, 0x0, 0x0, 0x3f, 0xff, 0xf0, 0x0, 0x0,
    0x0, 0x0, 0x0, 0x0, 0x3f, 0xff, 0xf4, 0x0,
    0x0, 0x0, 0x0, 0x0, 0x0, 0x2f, 0xff, 0xfe,
    0xaa, 0xaa, 0xaa, 0xaa, 0xaa, 0xaa, 0x1f, 0xff,
    0xff, 0xff, 0xff, 0xff, 0xff, 0xff, 0xff, 0xdb,
    0xff, 0xff, 0xff, 0xff, 0xff, 0xff, 0xff, 0xff,
    0xf6, 0xff, 0xff, 0xff, 0xff, 0xff, 0xff, 0xff,
    0xff, 0xfd, 0xbf, 0xff, 0xff, 0xff, 0xff, 0xff,
    0xff, 0xff, 0xff, 0x6f, 0xff, 0xff, 0xff, 0xff,
    0xff, 0xff, 0xff, 0xff, 0xdb, 0xff, 0xff, 0xff,
    0xff, 0xff, 0xff, 0xff, 0xff, 0xf4,

    /* U+005B "[" */
    0x0, 0x0, 0x0, 0x1, 0xff, 0xff, 0xff, 0xf7,
    0xff, 0xff, 0xff, 0xdf, 0xff, 0xff, 0xff, 0x7f,
    0xff, 0xff, 0xfd, 0xff, 0xff, 0xff, 0xf7, 0xff,
    0xff, 0xff, 0xdf, 0xff, 0xc0, 0x0, 0x7f, 0xff,
    0x0, 0x1, 0xff, 0xfc, 0x0, 0x7, 0xff, 0xf0,
    0x0, 0x1f, 0xff, 0xc0, 0x0, 0x7f, 0xff, 0x0,
    0x1, 0xff, 0xfc, 0x0, 0x7, 0xff, 0xf0, 0x0,
    0x1f, 0xff, 0xc0, 0x0, 0x7f, 0xff, 0x0, 0x1,
    0xff, 0xfc, 0x0, 0x7, 0xff, 0xf0, 0x0, 0x1f,
    0xff, 0xc0, 0x0, 0x7f, 0xff, 0x0, 0x1, 0xff,
    0xfc, 0x0, 0x7, 0xff, 0xf0, 0x0, 0x1f, 0xff,
    0xc0, 0x0, 0x7f, 0xff, 0x0, 0x1, 0xff, 0xfc,
    0x0, 0x7, 0xff, 0xf0, 0x0, 0x1f, 0xff, 0xc0,
    0x0, 0x7f, 0xff, 0x0, 0x1, 0xff, 0xfc, 0x0,
    0x7, 0xff, 0xf0, 0x0, 0x1f, 0xff, 0xc0, 0x0,
    0x7f, 0xff, 0x0, 0x1, 0xff, 0xfc, 0x0, 0x7,
    0xff, 0xf0, 0x0, 0x1f, 0xff, 0xc0, 0x0, 0x7f,
    0xff, 0x0, 0x1, 0xff, 0xfc, 0x0, 0x7, 0xff,
    0xf0, 0x0, 0x1f, 0xff, 0xc0, 0x0, 0x7f, 0xff,
    0x0, 0x1, 0xff, 0xfc, 0x0, 0x7, 0xff, 0xf0,
    0x0, 0x1f, 0xff, 0xc0, 0x0, 0x7f, 0xff, 0x0,
    0x1, 0xff, 0xfc, 0x0, 0x7, 0xff, 0xf0, 0x0,
    0x1f, 0xff, 0xc0, 0x0, 0x7f, 0xff, 0x0, 0x1,
    0xff, 0xfc, 0x0, 0x7, 0xff, 0xf0, 0x0, 0x1f,
    0xff, 0xc0, 0x0, 0x7f, 0xff, 0xff, 0xfd, 0xff,
    0xff, 0xff, 0xf7, 0xff, 0xff, 0xff, 0xdf, 0xff,
    0xff, 0xff, 0x7f, 0xff, 0xff, 0xfd, 0xff, 0xff,
    0xff, 0xf0,

    /* U+005C "\\" */
    0x2a, 0xa8, 0x0, 0x0, 0x0, 0x0, 0x0, 0x3f,
    0xfe, 0x0, 0x0, 0x0, 0x0, 0x0, 0x2f, 0xff,
    0x0, 0x0, 0x0, 0x0, 0x0, 0x1f, 0xff, 0x40,
    0x0, 0x0, 0x0, 0x0, 0xf, 0xff, 0x80, 0x0,
    0x0, 0x0, 0x0, 0xb, 0xff, 0xc0, 0x0, 0x0,
    0x0, 0x0, 0x7, 0xff, 0xd0, 0x0, 0x0, 0x0,
    0x0, 0x3, 0xff, 0xe0, 0x0, 0x0, 0x0, 0x0,
    0x2, 0xff, 0xf0, 0x0, 0x0, 0x0, 0x0, 0x1,
    0xff, 0xf4, 0x0, 0x0, 0x0, 0x0, 0x0, 0xff,
    0xfc, 0x0, 0x0, 0x0, 0x0, 0x0, 0xbf, 0xfc,
    0x0, 0x0, 0x0, 0x0, 0x0, 0x7f, 0xfd, 0x0,
    0x0, 0x0, 0x0, 0x0, 0x3f, 0xff, 0x0, 0x0,
    0x0, 0x0, 0x0, 0x2f, 0xff, 0x0, 0x0, 0x0,
    0x0, 0x0, 0xf, 0xff, 0x40, 0x0, 0x0, 0x0,
    0x0, 0xf, 0xff, 0xc0, 0x0, 0x0, 0x0, 0x0,
    0xb, 0xff, 0xc0, 0x0, 0x0, 0x0, 0x0, 0x3,
    0xff, 0xe0, 0x0, 0x0, 0x0, 0x0, 0x3, 0xff,
    0xf0, 0x0, 0x0, 0x0, 0x0, 0x2, 0xff, 0xf0,
    0x0, 0x0, 0x0, 0x0, 0x0, 0xff, 0xf8, 0x0,
    0x0, 0x0, 0x0, 0x0, 0xff, 0xfc, 0x0, 0x0,
    0x0, 0x0, 0x0, 0x7f, 0xfc, 0x0, 0x0, 0x0,
    0x0, 0x0, 0x3f, 0xfe, 0x0, 0x0, 0x0, 0x0,
    0x0, 0x3f, 0xff, 0x0, 0x0, 0x0, 0x0, 0x0,
    0x1f, 0xff, 0x40, 0x0, 0x0, 0x0, 0x0, 0xf,
    0xff, 0x80, 0x0, 0x0, 0x0, 0x0, 0xf, 0xff,
    0xc0, 0x0, 0x0, 0x0, 0x0, 0x7, 0xff, 0xd0,
    0x0, 0x0, 0x0, 0x0, 0x3, 0xff, 0xe0, 0x0,
    0x0, 0x0, 0x0, 0x2, 0xff, 0xf0, 0x0, 0x0,
    0x0, 0x0, 0x1, 0xff, 0xf4, 0x0, 0x0, 0x0,
    0x0, 0x0, 0xff, 0xf8, 0x0, 0x0, 0x0, 0x0,
    0x0, 0xbf, 0xfc, 0x0, 0x0, 0x0, 0x0, 0x0,
    0x7f, 0xfd, 0x0, 0x0, 0x0, 0x0, 0x0, 0x3f,
    0xfe, 0x0, 0x0, 0x0, 0x0, 0x0, 0x2f, 0xff,
    0x0, 0x0, 0x0, 0x0, 0x0, 0x1f, 0xff, 0x40,
    0x0, 0x0, 0x0, 0x0, 0xf, 0xff, 0xc0, 0x0,
    0x0, 0x0, 0x0, 0xb, 0xff, 0xc0, 0x0, 0x0,
    0x0, 0x0, 0x7, 0xff, 0xd0, 0x0, 0x0, 0x0,
    0x0, 0x3, 0xff, 0xf0, 0x0, 0x0, 0x0, 0x0,
    0x2, 0xff, 0xf0, 0x0, 0x0, 0x0, 0x0, 0x0,
    0xff, 0xf4, 0x0, 0x0, 0x0, 0x0, 0x0, 0xff,
    0xfc, 0x0, 0x0, 0x0, 0x0, 0x0, 0xbf, 0xfc,
    0x0, 0x0, 0x0, 0x0, 0x0, 0x3f, 0xfe, 0x0,
    0x0, 0x0, 0x0, 0x0, 0x3f, 0xff, 0x0, 0x0,
    0x0, 0x0, 0x0, 0x2f, 0xff, 0x0, 0x0, 0x0,
    0x0, 0x0, 0xf, 0xff, 0x80, 0x0, 0x0, 0x0,
    0x0, 0xf, 0xff, 0xc0, 0x0, 0x0, 0x0, 0x0,
    0x7, 0xff, 0xc0, 0x0, 0x0, 0x0, 0x0, 0x3,
    0xff, 0xe0, 0x0, 0x0, 0x0, 0x0, 0x3, 0xff,
    0xf0, 0x0, 0x0, 0x0, 0x0, 0x1, 0xff, 0xf4,
    0x0, 0x0, 0x0, 0x0, 0x0, 0xff, 0xf8, 0x0,
    0x0, 0x0, 0x0, 0x0, 0xff, 0xfc,

    /* U+005D "]" */
    0x0, 0x0, 0x0, 0x3, 0xff, 0xff, 0xff, 0xdf,
    0xff, 0xff, 0xff, 0x7f, 0xff, 0xff, 0xfd, 0xff,
    0xff, 0xff, 0xf7, 0xff, 0xff, 0xff, 0xdf, 0xff,
    0xff, 0xff, 0x40, 0x0, 0xff, 0xfd, 0x0, 0x3,
    0xff, 0xf4, 0x0, 0xf, 0xff, 0xd0, 0x0, 0x3f,
    0xff, 0x40, 0x0, 0xff, 0xfd, 0x0, 0x3, 0xff,
    0xf4, 0x0, 0xf, 0xff, 0xd0, 0x0, 0x3f, 0xff,
    0x40, 0x0, 0xff, 0xfd, 0x0, 0x3, 0xff, 0xf4,
    0x0, 0xf, 0xff, 0xd0, 0x0, 0x3f, 0xff, 0x40,
    0x0, 0xff, 0xfd, 0x0, 0x3, 0xff, 0xf4, 0x0,
    0xf, 0xff, 0xd0, 0x0, 0x3f, 0xff, 0x40, 0x0,
    0xff, 0xfd, 0x0, 0x3, 0xff, 0xf4, 0x0, 0xf,
    0xff, 0xd0, 0x0, 0x3f, 0xff, 0x40, 0x0, 0xff,
    0xfd, 0x0, 0x3, 0xff, 0xf4, 0x0, 0xf, 0xff,
    0xd0, 0x0, 0x3f, 0xff, 0x40, 0x0, 0xff, 0xfd,
    0x0, 0x3, 0xff, 0xf4, 0x0, 0xf, 0xff, 0xd0,
    0x0, 0x3f, 0xff, 0x40, 0x0, 0xff, 0xfd, 0x0,
    0x3, 0xff, 0xf4, 0x0, 0xf, 0xff, 0xd0, 0x0,
    0x3f, 0xff, 0x40, 0x0, 0xff, 0xfd, 0x0, 0x3,
    0xff, 0xf4, 0x0, 0xf, 0xff, 0xd0, 0x0, 0x3f,
    0xff, 0x40, 0x0, 0xff, 0xfd, 0x0, 0x3, 0xff,
    0xf4, 0x0, 0xf, 0xff, 0xd0, 0x0, 0x3f, 0xff,
    0x40, 0x0, 0xff, 0xfd, 0x0, 0x3, 0xff, 0xf4,
    0x0, 0xf, 0xff, 0xd0, 0x0, 0x3f, 0xff, 0x40,
    0x1, 0xff, 0xfd, 0xff, 0xff, 0xff, 0xf7, 0xff,
    0xff, 0xff, 0xdf, 0xff, 0xff, 0xff, 0x7f, 0xff,
    0xff, 0xfd, 0xff, 0xff, 0xff, 0xf7, 0xff, 0xff,
    0xff, 0xd0,

    /* U+005E "^" */
    0x0, 0x0, 0x0, 0xaa, 0x90, 0x0, 0x0, 0x0,
    0x0, 0x0, 0xbf, 0xfc, 0x0, 0x0, 0x0, 0x0,
    0x0, 0x3f, 0xff, 0x80, 0x0, 0x0, 0x0, 0x0,
    0x2f, 0xff, 0xf0, 0x0, 0x0, 0x0, 0x0, 0xf,
    0xff, 0xfd, 0x0, 0x0, 0x0, 0x0, 0x7, 0xff,
    0xff, 0xc0, 0x0, 0x0, 0x0, 0x3, 0xff, 0xff,
    0xf4, 0x0, 0x0, 0x0, 0x1, 0xff, 0xdf, 0xfe,
    0x0, 0x0, 0x0, 0x0, 0xbf, 0xf1, 0xff, 0xc0,
    0x0, 0x0, 0x0, 0x3f, 0xf8, 0x3f, 0xf8, 0x0,
    0x0, 0x0, 0x2f, 0xfc, 0xb, 0xff, 0x0, 0x0,
    0x0, 0xf, 0xff, 0x1, 0xff, 0xd0, 0x0, 0x0,
    0x7, 0xff, 0x40, 0x3f, 0xfc, 0x0, 0x0, 0x3,
    0xff, 0xc0, 0x7, 0xff, 0x40, 0x0, 0x0, 0xff,
    0xe0, 0x0, 0xff, 0xe0, 0x0, 0x0, 0xbf, 0xf0,
    0x0, 0x2f, 0xfc, 0x0, 0x0, 0x3f, 0xf8, 0x0,
    0x3, 0xff, 0x80, 0x0, 0x1f, 0xfd, 0x0, 0x0,
    0xff, 0xf0, 0x0, 0xf, 0xff, 0x0, 0x0, 0x1f,
    0xfd, 0x0, 0x7, 0xff, 0x80, 0x0, 0x3, 0xff,
    0xc0, 0x2, 0xff, 0xc0, 0x0, 0x0, 0xbf, 0xf0,
    0x0, 0xff, 0xe0, 0x0, 0x0, 0xf, 0xfe, 0x0,
    0xbf, 0xf4, 0x0, 0x0, 0x3, 0xff, 0xc0, 0x3f,
    0xfc, 0x0, 0x0, 0x0, 0x7f, 0xf4, 0x1f, 0xfd,
    0x0, 0x0, 0x0, 0xf, 0xff, 0xf, 0xff, 0x0,
    0x0, 0x0, 0x2, 0xff, 0xd0,

    /* U+005F "_" */
    0xaa, 0xaa, 0xaa, 0xaa, 0xaa, 0xaa, 0xaa, 0xaf,
    0xff, 0xff, 0xff, 0xff, 0xff, 0xff, 0xff, 0xff,
    0xff, 0xff, 0xff, 0xff, 0xff, 0xff, 0xff, 0xff,
    0xff, 0xff, 0xff, 0xff, 0xff, 0xff, 0xff, 0xff,
    0xff, 0xff, 0xff, 0xff, 0xff, 0xf0,

    /* U+0060 "`" */
    0x6a, 0xaa, 0x40, 0x0, 0x2, 0xff, 0xff, 0x0,
    0x0, 0x7, 0xff, 0xfc, 0x0, 0x0, 0x1f, 0xff,
    0xf0, 0x0, 0x0, 0x3f, 0xff, 0x80, 0x0, 0x0,
    0xbf, 0xfe, 0x0, 0x0, 0x2, 0xff, 0xf8, 0x0,
    0x0, 0x7, 0xff, 0xe0, 0x0, 0x0, 0xf, 0xff,
    0x80,

    /* U+0061 "a" */
    0x0, 0x0, 0x1b, 0xff, 0xfe, 0x40, 0x0, 0x0,
    0x0, 0xbf, 0xff, 0xff, 0xff, 0x80, 0x0, 0x0,
    0xbf, 0xff, 0xff, 0xff, 0xff, 0x80, 0x0, 0xbf,
    0xff, 0xff, 0xff, 0xff, 0xff, 0x0, 0xf, 0xff,
    0xff, 0xff, 0xff, 0xff, 0xfc, 0x0, 0xbf, 0xff,
    0xff, 0xff, 0xff, 0xff, 0xe0, 0x3, 0xff, 0xfe,
    0x95, 0xbf, 0xff, 0xff, 0x0, 0x2f, 0xf4, 0x0,
    0x0, 0x2f, 0xff, 0xf8, 0x0, 0xf4, 0x0, 0x0,
    0x0, 0xbf, 0xff, 0xc0, 0x4, 0x0, 0x0, 0x0,
    0x3, 0xff, 0xfc, 0x0, 0x0, 0x0, 0x0, 0x0,
    0x1f, 0xff, 0xd0, 0x0, 0x0, 0x0, 0x0, 0x0,
    0xff, 0xfe, 0x0, 0x0, 0x0, 0x0, 0x0, 0xf,
    0xff, 0xe0, 0x0, 0x0, 0x0, 0x0, 0x0, 0xff,
    0xfe, 0x0, 0x1, 0xaf, 0xff, 0xff, 0xff, 0xff,
    0xe0, 0x1, 0xff, 0xff, 0xff, 0xff, 0xff, 0xfe,
    0x0, 0xff, 0xff, 0xff, 0xff, 0xff, 0xff, 0xe0,
    0x7f, 0xff, 0xff, 0xff, 0xff, 0xff, 0xfe, 0xf,
    0xff, 0xff, 0xff, 0xff, 0xff, 0xff, 0xe2, 0xff,
    0xff, 0x90, 0x0, 0x0, 0xff, 0xfe, 0x3f, 0xff,
    0xc0, 0x0, 0x0, 0xf, 0xff, 0xe3, 0xff, 0xf4,
    0x0, 0x0, 0x0, 0xff, 0xfe, 0x7f, 0xff, 0x0,
    0x0, 0x0, 0xf, 0xff, 0xe7, 0xff, 0xf0, 0x0,
    0x0, 0x0, 0xff, 0xfe, 0x7f, 0xff, 0x40, 0x0,
    0x0, 0x3f, 0xff, 0xe3, 0xff, 0xfc, 0x0, 0x0,
    0xf, 0xff, 0xfe, 0x3f, 0xff, 0xf0, 0x0, 0x7,
    0xff, 0xff, 0xe1, 0xff, 0xff, 0xfa, 0xaf, 0xff,
    0xff, 0xfe, 0xf, 0xff, 0xff, 0xff, 0xff, 0xff,
    0xff, 0xe0, 0x3f, 0xff, 0xff, 0xff, 0xff, 0x7f,
    0xfe, 0x0, 0xbf, 0xff, 0xff, 0xff, 0xc7, 0xff,
    0xe0, 0x1, 0xff, 0xff, 0xff, 0xe0, 0x7f, 0xfe,
    0x0, 0x1, 0xaf, 0xff, 0x90, 0x7, 0xff, 0xe0,

    /* U+0062 "b" */
    0x15, 0x55, 0x0, 0x0, 0x0, 0x0, 0x0, 0x0,
    0x0, 0xff, 0xfd, 0x0, 0x0, 0x0, 0x0, 0x0,
    0x0, 0x3, 0xff, 0xf4, 0x0, 0x0, 0x0, 0x0,
    0x0, 0x0, 0xf, 0xff, 0xd0, 0x0, 0x0, 0x0,
    0x0, 0x0, 0x0, 0x3f, 0xff, 0x40, 0x0, 0x0,
    0x0, 0x0, 0x0, 0x0, 0xff, 0xfd, 0x0, 0x0,
    0x0, 0x0, 0x0, 0x0, 0x3, 0xff, 0xf4, 0x0,
    0x0, 0x0, 0x0, 0x0, 0x0, 0xf, 0xff, 0xd0,
    0x0, 0x0, 0x0, 0x0, 0x0, 0x0, 0x3f, 0xff,
    0x40, 0x0, 0x0, 0x0, 0x0, 0x0, 0x0, 0xff,
    0xfd, 0x0, 0x0, 0x0, 0x0, 0x0, 0x0, 0x3,
    0xff, 0xf4, 0x0, 0x0, 0x0, 0x0, 0x0, 0x0,
    0xf, 0xff, 0xd0, 0x0, 0x0, 0x0, 0x0, 0x0,
    0x0, 0x3f, 0xff, 0x40, 0x0, 0x0, 0x0, 0x0,
    0x0, 0x0, 0xff, 0xfd, 0x0, 0x1b, 0xff, 0xe4,
    0x0, 0x0, 0x3, 0xff, 0xf4, 0xb, 0xff, 0xff,
    0xfe, 0x0, 0x0, 0xf, 0xff, 0xd2, 0xff, 0xff,
    0xff, 0xff, 0x80, 0x0, 0x3f, 0xff, 0x6f, 0xff,
    0xff, 0xff, 0xff, 0xc0, 0x0, 0xff, 0xff, 0xff,
    0xff, 0xff, 0xff, 0xff, 0xd0, 0x3, 0xff, 0xff,
    0xff, 0xff, 0xff, 0xff, 0xff, 0xc0, 0xf, 0xff,
    0xff, 0xff, 0xea, 0xbf, 0xff, 0xff, 0xc0, 0x3f,
    0xff, 0xff, 0xd0, 0x0, 0xb, 0xff, 0xff, 0x80,
    0xff, 0xff, 0xfc, 0x0, 0x0, 0x7, 0xff, 0xff,
    0x3, 0xff, 0xff, 0xc0, 0x0, 0x0, 0x3, 0xff,
    0xfe, 0xf, 0xff, 0xfc, 0x0, 0x0, 0x0, 0x7,
    0xff, 0xfc, 0x3f, 0xff, 0xd0, 0x0, 0x0, 0x0,
    0xf, 0xff, 0xf4, 0xff, 0xff, 0x0, 0x0, 0x0,
    0x0, 0x1f, 0xff, 0xe3, 0xff, 0xf8, 0x0, 0x0,
    0x0, 0x0, 0x3f, 0xff, 0x8f, 0xff, 0xd0, 0x0,
    0x0, 0x0, 0x0, 0xff, 0xff, 0x3f, 0xff, 0x40,
    0x0, 0x0, 0x0, 0x2, 0xff, 0xfc, 0xff, 0xfd,
    0x0, 0x0, 0x0, 0x0, 0xb, 0xff, 0xf3, 0xff,
    0xf4, 0x0, 0x0, 0x0, 0x0, 0x2f, 0xff, 0xcf,
    0xff, 0xd0, 0x0, 0x0, 0x0, 0x0, 0xff, 0xff,
    0x3f, 0xff, 0x80, 0x0, 0x0, 0x0, 0x3, 0xff,
    0xf8, 0xff, 0xff, 0x0, 0x0, 0x0, 0x0, 0x1f,
    0xff, 0xe3, 0xff, 0xfd, 0x0, 0x0, 0x0, 0x0,
    0xff, 0xff, 0x4f, 0xff, 0xfc, 0x0, 0x0, 0x0,
    0x7, 0xff, 0xfc, 0x3f, 0xff, 0xfc, 0x0, 0x0,
    0x0, 0x3f, 0xff, 0xe0, 0xff, 0xff, 0xfc, 0x0,
    0x0, 0x7, 0xff, 0xff, 0x3, 0xff, 0xff, 0xfd,
    0x0, 0x0, 0xbf, 0xff, 0xf8, 0xf, 0xff, 0xff,
    0xff, 0xea, 0xbf, 0xff, 0xff, 0xc0, 0x3f, 0xff,
    0xff, 0xff, 0xff, 0xff, 0xff, 0xfc, 0x0, 0xff,
    0xff, 0xff, 0xff, 0xff, 0xff, 0xff, 0xd0, 0x3,
    0xff, 0xf3, 0xff, 0xff, 0xff, 0xff, 0xfc, 0x0,
    0xf, 0xff, 0xc2, 0xff, 0xff, 0xff, 0xff, 0x80,
    0x0, 0x3f, 0xff, 0x1, 0xff, 0xff, 0xff, 0xe0,
    0x0, 0x0, 0xff, 0xfc, 0x0, 0x1b, 0xff, 0xe4,
    0x0, 0x0, 0x0,

    /* U+0063 "c" */
    0x0, 0x0, 0x0, 0x6f, 0xff, 0xe4, 0x0, 0x0,
    0x0, 0x0, 0x1b, 0xff, 0xff, 0xff, 0x80, 0x0,
    0x0, 0x0, 0xff, 0xff, 0xff, 0xff, 0xf8, 0x0,
    0x0, 0x7, 0xff, 0xff, 0xff, 0xff, 0xff, 0x0,
    0x0, 0x2f, 0xff, 0xff, 0xff, 0xff, 0xff, 0xc0,
    0x0, 0xbf, 0xff, 0xff, 0xff, 0xff, 0xff, 0xf0,
    0x1, 0xff, 0xff, 0xfe, 0xaa, 0xff, 0xff, 0xf8,
    0x3, 0xff, 0xff, 0xd0, 0x0, 0x1f, 0xff, 0xfc,
    0xf, 0xff, 0xfd, 0x0, 0x0, 0x2, 0xff, 0xe0,
    0x1f, 0xff, 0xf4, 0x0, 0x0, 0x0, 0xbf, 0x0,
    0x2f, 0xff, 0xe0, 0x0, 0x0, 0x0, 0x24, 0x0,
    0x3f, 0xff, 0xc0, 0x0, 0x0, 0x0, 0x0, 0x0,
    0x7f, 0xff, 0x80, 0x0, 0x0, 0x0, 0x0, 0x0,
    0x7f, 0xff, 0x0, 0x0, 0x0, 0x0, 0x0, 0x0,
    0xbf, 0xff, 0x0, 0x0, 0x0, 0x0, 0x0, 0x0,
    0xbf, 0xff, 0x0, 0x0, 0x0, 0x0, 0x0, 0x0,
    0xbf, 0xff, 0x0, 0x0, 0x0, 0x0, 0x0, 0x0,
    0xbf, 0xff, 0x0, 0x0, 0x0, 0x0, 0x0, 0x0,
    0xbf, 0xff, 0x0, 0x0, 0x0, 0x0, 0x0, 0x0,
    0x7f, 0xff, 0x0, 0x0, 0x0, 0x0, 0x0, 0x0,
    0x7f, 0xff, 0x80, 0x0, 0x0, 0x0, 0x0, 0x0,
    0x3f, 0xff, 0xc0, 0x0, 0x0, 0x0, 0x0, 0x0,
    0x2f, 0xff, 0xe0, 0x0, 0x0, 0x0, 0x24, 0x0,
    0x1f, 0xff, 0xf4, 0x0, 0x0, 0x0, 0xbf, 0x0,
    0xf, 0xff, 0xfd, 0x0, 0x0, 0x2, 0xff, 0xe0,
    0x3, 0xff, 0xff, 0xd0, 0x0, 0x1f, 0xff, 0xfc,
    0x1, 0xff, 0xff, 0xfe, 0xaa, 0xff, 0xff, 0xf8,
    0x0, 0xbf, 0xff, 0xff, 0xff, 0xff, 0xff, 0xf0,
    0x0, 0x2f, 0xff, 0xff, 0xff, 0xff, 0xff, 0xc0,
    0x0, 0x7, 0xff, 0xff, 0xff, 0xff, 0xff, 0x0,
    0x0, 0x0, 0xff, 0xff, 0xff, 0xff, 0xf8, 0x0,
    0x0, 0x0, 0x1b, 0xff, 0xff, 0xff, 0x80, 0x0,
    0x0, 0x0, 0x0, 0x6f, 0xff, 0xe4, 0x0, 0x0,

    /* U+0064 "d" */
    0x0, 0x0, 0x0, 0x0, 0x0, 0x0, 0x1, 0x55,
    0x50, 0x0, 0x0, 0x0, 0x0, 0x0, 0x0, 0xf,
    0xff, 0xd0, 0x0, 0x0, 0x0, 0x0, 0x0, 0x0,
    0x3f, 0xff, 0x40, 0x0, 0x0, 0x0, 0x0, 0x0,
    0x0, 0xff, 0xfd, 0x0, 0x0, 0x0, 0x0, 0x0,
    0x0, 0x3, 0xff, 0xf4, 0x0, 0x0, 0x0, 0x0,
    0x0, 0x0, 0xf, 0xff, 0xd0, 0x0, 0x0, 0x0,
    0x0, 0x0, 0x0, 0x3f, 0xff, 0x40, 0x0, 0x0,
    0x0, 0x0, 0x0, 0x0, 0xff, 0xfd, 0x0, 0x0,
    0x0, 0x0, 0x0, 0x0, 0x3, 0xff, 0xf4, 0x0,
    0x0, 0x0, 0x0, 0x0, 0x0, 0xf, 0xff, 0xd0,
    0x0, 0x0, 0x0, 0x0, 0x0, 0x0, 0x3f, 0xff,
    0x40, 0x0, 0x0, 0x0, 0x0, 0x0, 0x0, 0xff,
    0xfd, 0x0, 0x0, 0x0, 0x0, 0x0, 0x0, 0x3,
    0xff, 0xf4, 0x0, 0x0, 0x6, 0xbf, 0xf9, 0x0,
    0xf, 0xff, 0xd0, 0x0, 0x2, 0xff, 0xff, 0xff,
    0xd0, 0x3f, 0xff, 0x40, 0x0, 0xbf, 0xff, 0xff,
    0xff, 0xe0, 0xff, 0xfd, 0x0, 0xf, 0xff, 0xff,
    0xff, 0xff, 0xf7, 0xff, 0xf4, 0x0, 0xff, 0xff,
    0xff, 0xff, 0xff, 0xff, 0xff, 0xd0, 0xf, 0xff,
    0xff, 0xff, 0xff, 0xff, 0xff, 0xff, 0x40, 0xbf,
    0xff, 0xff, 0xaa, 0xbf, 0xff, 0xff, 0xfd, 0x7,
    0xff, 0xff, 0x90, 0x0, 0x1f, 0xff, 0xff, 0xf4,
    0x3f, 0xff, 0xf4, 0x0, 0x0, 0xb, 0xff, 0xff,
    0xd1, 0xff, 0xff, 0x40, 0x0, 0x0, 0xb, 0xff,
    0xff, 0x4f, 0xff, 0xf8, 0x0, 0x0, 0x0, 0xf,
    0xff, 0xfd, 0x3f, 0xff, 0xc0, 0x0, 0x0, 0x0,
    0xf, 0xff, 0xf5, 0xff, 0xfe, 0x0, 0x0, 0x0,
    0x0, 0x3f, 0xff, 0xd7, 0xff, 0xf0, 0x0, 0x0,
    0x0, 0x0, 0x7f, 0xff, 0x6f, 0xff, 0xc0, 0x0,
    0x0, 0x0, 0x1, 0xff, 0xfd, 0xbf, 0xff, 0x0,
    0x0, 0x0, 0x0, 0x3, 0xff, 0xf6, 0xff, 0xfc,
    0x0, 0x0, 0x0, 0x0, 0xf, 0xff, 0xdb, 0xff,
    0xf0, 0x0, 0x0, 0x0, 0x0, 0x3f, 0xff, 0x6f,
    0xff, 0xc0, 0x0, 0x0, 0x0, 0x1, 0xff, 0xfd,
    0x7f, 0xff, 0x0, 0x0, 0x0, 0x0, 0x7, 0xff,
    0xf5, 0xff, 0xfe, 0x0, 0x0, 0x0, 0x0, 0x3f,
    0xff, 0xd3, 0xff, 0xfc, 0x0, 0x0, 0x0, 0x0,
    0xff, 0xff, 0x4f, 0xff, 0xf8, 0x0, 0x0, 0x0,
    0xf, 0xff, 0xfd, 0x1f, 0xff, 0xf4, 0x0, 0x0,
    0x0, 0xbf, 0xff, 0xf4, 0x3f, 0xff, 0xf4, 0x0,
    0x0, 0xb, 0xff, 0xff, 0xd0, 0x7f, 0xff, 0xfd,
    0x0, 0x1, 0xff, 0xff, 0xff, 0x40, 0xbf, 0xff,
    0xff, 0xaa, 0xff, 0xff, 0xff, 0xfd, 0x0, 0xff,
    0xff, 0xff, 0xff, 0xff, 0xff, 0xff, 0xf4, 0x0,
    0xff, 0xff, 0xff, 0xff, 0xff, 0xff, 0xff, 0xd0,
    0x0, 0xff, 0xff, 0xff, 0xff, 0xff, 0x3f, 0xff,
    0x40, 0x0, 0x7f, 0xff, 0xff, 0xff, 0xf0, 0xff,
    0xfd, 0x0, 0x0, 0x2f, 0xff, 0xff, 0xfd, 0x3,
    0xff, 0xf4, 0x0, 0x0, 0x6, 0xbf, 0xfa, 0x0,
    0xf, 0xff, 0xd0,

    /* U+0065 "e" */
    0x0, 0x0, 0x0, 0x6f, 0xff, 0x90, 0x0, 0x0,
    0x0, 0x0, 0x1, 0xff, 0xff, 0xff, 0xe4, 0x0,
    0x0, 0x0, 0x1, 0xff, 0xff, 0xff, 0xff, 0xe0,
    0x0, 0x0, 0x0, 0xbf, 0xff, 0xff, 0xff, 0xff,
    0xd0, 0x0, 0x0, 0x3f, 0xff, 0xff, 0xff, 0xff,
    0xff, 0x40, 0x0, 0xf, 0xff, 0xff, 0xff, 0xff,
    0xff, 0xfd, 0x0, 0x2, 0xff, 0xff, 0xe4, 0x5,
    0xff, 0xff, 0xf0, 0x0, 0x7f, 0xff, 0xe0, 0x0,
    0x1, 0xff, 0xff, 0x80, 0xf, 0xff, 0xf4, 0x0,
    0x0, 0x3, 0xff, 0xfc, 0x1, 0xff, 0xfe, 0x0,
    0x0, 0x0, 0xf, 0xff, 0xe0, 0x2f, 0xff, 0xc0,
    0x0, 0x0, 0x0, 0x7f, 0xff, 0x3, 0xff, 0xf4,
    0x0, 0x0, 0x0, 0x3, 0xff, 0xf4, 0x7f, 0xff,
    0x0, 0x0, 0x0, 0x0, 0x1f, 0xff, 0x87, 0xff,
    0xf0, 0x0, 0x0, 0x0, 0x0, 0xff, 0xfc, 0xbf,
    0xff, 0xff, 0xff, 0xff, 0xff, 0xff, 0xff, 0xcb,
    0xff, 0xff, 0xff, 0xff, 0xff, 0xff, 0xff, 0xfc,
    0xbf, 0xff, 0xff, 0xff, 0xff, 0xff, 0xff, 0xff,
    0xcb, 0xff, 0xff, 0xff, 0xff, 0xff, 0xff, 0xff,
    0xfc, 0xbf, 0xff, 0xff, 0xff, 0xff, 0xff, 0xff,
    0xff, 0xc7, 0xff, 0xf0, 0x0, 0x0, 0x0, 0x0,
    0x0, 0x0, 0x7f, 0xff, 0x0, 0x0, 0x0, 0x0,
    0x0, 0x0, 0x3, 0xff, 0xf8, 0x0, 0x0, 0x0,
    0x0, 0x0, 0x0, 0x2f, 0xff, 0xd0, 0x0, 0x0,
    0x0, 0x0, 0x0, 0x1, 0xff, 0xff, 0x0, 0x0,
    0x0, 0x0, 0x80, 0x0, 0xf, 0xff, 0xfd, 0x0,
    0x0, 0x0, 0x2f, 0x0, 0x0, 0x3f, 0xff, 0xf9,
    0x0, 0x0, 0x2f, 0xfc, 0x0, 0x2, 0xff, 0xff,
    0xfe, 0xa6, 0xbf, 0xff, 0xf0, 0x0, 0xb, 0xff,
    0xff, 0xff, 0xff, 0xff, 0xff, 0x80, 0x0, 0x2f,
    0xff, 0xff, 0xff, 0xff, 0xff, 0xf0, 0x0, 0x0,
    0x7f, 0xff, 0xff, 0xff, 0xff, 0xfc, 0x0, 0x0,
    0x0, 0xff, 0xff, 0xff, 0xff, 0xfe, 0x0, 0x0,
    0x0, 0x0, 0xbf, 0xff, 0xff, 0xfe, 0x0, 0x0,
    0x0, 0x0, 0x0, 0x6b, 0xff, 0xe9, 0x0, 0x0,
    0x0,

    /* U+0066 "f" */
    0x0, 0x0, 0x0, 0x1b, 0xff, 0x90, 0x0, 0x0,
    0x1, 0xff, 0xff, 0xff, 0x80, 0x0, 0x2, 0xff,
    0xff, 0xff, 0xf0, 0x0, 0x2, 0xff, 0xff, 0xff,
    0xf8, 0x0, 0x1, 0xff, 0xff, 0xff, 0xfc, 0x0,
    0x0, 0xff, 0xff, 0xff, 0xff, 0x0, 0x0, 0x7f,
    0xff, 0xe4, 0x1b, 0x40, 0x0, 0x2f, 0xff, 0xd0,
    0x0, 0x0, 0x0, 0xf, 0xff, 0xe0, 0x0, 0x0,
    0x0, 0x3, 0xff, 0xf4, 0x0, 0x0, 0x0, 0x0,
    0xff, 0xfc, 0x0, 0x0, 0x0, 0x0, 0x3f, 0xff,
    0x0, 0x0, 0x0, 0x0, 0xf, 0xff, 0xc0, 0x0,
    0x0, 0x1f, 0xff, 0xff, 0xff, 0xff, 0xfc, 0x7,
    0xff, 0xff, 0xff, 0xff, 0xff, 0x1, 0xff, 0xff,
    0xff, 0xff, 0xff, 0xc0, 0x7f, 0xff, 0xff, 0xff,
    0xff, 0xf0, 0x1f, 0xff, 0xff, 0xff, 0xff, 0xfc,
    0x7, 0xff, 0xff, 0xff, 0xff, 0xff, 0x0, 0x0,
    0x3f, 0xff, 0x40, 0x0, 0x0, 0x0, 0xf, 0xff,
    0xd0, 0x0, 0x0, 0x0, 0x3, 0xff, 0xf4, 0x0,
    0x0, 0x0, 0x0, 0xff, 0xfd, 0x0, 0x0, 0x0,
    0x0, 0x3f, 0xff, 0x40, 0x0, 0x0, 0x0, 0xf,
    0xff, 0xd0, 0x0, 0x0, 0x0, 0x3, 0xff, 0xf4,
    0x0, 0x0, 0x0, 0x0, 0xff, 0xfd, 0x0, 0x0,
    0x0, 0x0, 0x3f, 0xff, 0x40, 0x0, 0x0, 0x0,
    0xf, 0xff, 0xd0, 0x0, 0x0, 0x0, 0x3, 0xff,
    0xf4, 0x0, 0x0, 0x0, 0x0, 0xff, 0xfd, 0x0,
    0x0, 0x0, 0x0, 0x3f, 0xff, 0x40, 0x0, 0x0,
    0x0, 0xf, 0xff, 0xd0, 0x0, 0x0, 0x0, 0x3,
    0xff, 0xf4, 0x0, 0x0, 0x0, 0x0, 0xff, 0xfd,
    0x0, 0x0, 0x0, 0x0, 0x3f, 0xff, 0x40, 0x0,
    0x0, 0x0, 0xf, 0xff, 0xd0, 0x0, 0x0, 0x0,
    0x3, 0xff, 0xf4, 0x0, 0x0, 0x0, 0x0, 0xff,
    0xfd, 0x0, 0x0, 0x0, 0x0, 0x3f, 0xff, 0x40,
    0x0, 0x0, 0x0, 0xf, 0xff, 0xd0, 0x0, 0x0,
    0x0, 0x3, 0xff, 0xf4, 0x0, 0x0, 0x0, 0x0,
    0xff, 0xfd, 0x0, 0x0, 0x0, 0x0, 0x3f, 0xff,
    0x40, 0x0, 0x0, 0x0, 0xf, 0xff, 0xd0, 0x0,
    0x0, 0x0, 0x3, 0xff, 0xf4, 0x0, 0x0, 0x0,

    /* U+0067 "g" */
    0x0, 0x0, 0x1, 0xaf, 0xfe, 0x90, 0x1, 0xff,
    0xf8, 0x0, 0x0, 0xbf, 0xff, 0xff, 0xf8, 0x7,
    0xff, 0xe0, 0x0, 0x2f, 0xff, 0xff, 0xff, 0xfd,
    0x1f, 0xff, 0x80, 0x3, 0xff, 0xff, 0xff, 0xff,
    0xfd, 0x7f, 0xfe, 0x0, 0x7f, 0xff, 0xff, 0xff,
    0xff, 0xff, 0xff, 0xf8, 0x3, 0xff, 0xff, 0xff,
    0xff, 0xff, 0xff, 0xff, 0xe0, 0x3f, 0xff, 0xff,
    0xea, 0xaf, 0xff, 0xff, 0xff, 0x82, 0xff, 0xff,
    0xe0, 0x0, 0x2, 0xff, 0xff, 0xfe, 0xf, 0xff,
    0xfd, 0x0, 0x0, 0x0, 0xff, 0xff, 0xf8, 0xbf,
    0xff, 0xc0, 0x0, 0x0, 0x0, 0xff, 0xff, 0xe3,
    0xff, 0xfd, 0x0, 0x0, 0x0, 0x0, 0xff, 0xff,
    0x8f, 0xff, 0xf0, 0x0, 0x0, 0x0, 0x2, 0xff,
    0xfe, 0x7f, 0xff, 0x40, 0x0, 0x0, 0x0, 0x3,
    0xff, 0xfa, 0xff, 0xfc, 0x0, 0x0, 0x0, 0x0,
    0xf, 0xff, 0xeb, 0xff, 0xf0, 0x0, 0x0, 0x0,
    0x0, 0x3f, 0xff, 0xaf, 0xff, 0xc0, 0x0, 0x0,
    0x0, 0x0, 0xbf, 0xfe, 0xbf, 0xff, 0x0, 0x0,
    0x0, 0x0, 0x2, 0xff, 0xfa, 0xff, 0xfc, 0x0,
    0x0, 0x0, 0x0, 0xf, 0xff, 0xe7, 0xff, 0xf4,
    0x0, 0x0, 0x0, 0x0, 0x3f, 0xff, 0x9f, 0xff,
    0xe0, 0x0, 0x0, 0x0, 0x1, 0xff, 0xfe, 0x3f,
    0xff, 0xc0, 0x0, 0x0, 0x0, 0xf, 0xff, 0xf8,
    0xbf, 0xff, 0xc0, 0x0, 0x0, 0x0, 0xbf, 0xff,
    0xe1, 0xff, 0xff, 0x80, 0x0, 0x0, 0xb, 0xff,
    0xff, 0x83, 0xff, 0xff, 0xc0, 0x0, 0x0, 0xbf,
    0xff, 0xfe, 0x3, 0xff, 0xff, 0xf4, 0x0, 0x6f,
    0xff, 0xff, 0xf8, 0xb, 0xff, 0xff, 0xff, 0xff,
    0xff, 0xff, 0xff, 0xe0, 0xb, 0xff, 0xff, 0xff,
    0xff, 0xff, 0xff, 0xff, 0x80, 0xb, 0xff, 0xff,
    0xff, 0xff, 0xff, 0xff, 0xfe, 0x0, 0x7, 0xff,
    0xff, 0xff, 0xff, 0xe3, 0xff, 0xf8, 0x0, 0x2,
    0xff, 0xff, 0xff, 0xfd, 0xf, 0xff, 0xe0, 0x0,
    0x0, 0x7f, 0xff, 0xfe, 0x40, 0x3f, 0xff, 0x80,
    0x0, 0x0, 0x1, 0x55, 0x0, 0x0, 0xff, 0xfd,
    0x0, 0x0, 0x0, 0x0, 0x0, 0x0, 0x7, 0xff,
    0xf4, 0x0, 0x0, 0x0, 0x0, 0x0, 0x0, 0x2f,
    0xff, 0xc0, 0x0, 0x0, 0x0, 0x0, 0x0, 0x0,
    0xff, 0xff, 0x0, 0x1d, 0x0, 0x0, 0x0, 0x0,
    0xf, 0xff, 0xf8, 0x0, 0xff, 0x40, 0x0, 0x0,
    0x0, 0xbf, 0xff, 0xc0, 0x7, 0xff, 0xe0, 0x0,
    0x0, 0x1f, 0xff, 0xfe, 0x0, 0x3f, 0xff, 0xff,
    0xaa, 0xaf, 0xff, 0xff, 0xf0, 0x2, 0xff, 0xff,
    0xff, 0xff, 0xff, 0xff, 0xff, 0x40, 0xf, 0xff,
    0xff, 0xff, 0xff, 0xff, 0xff, 0xf8, 0x0, 0xb,
    0xff, 0xff, 0xff, 0xff, 0xff, 0xff, 0x40, 0x0,
    0x2, 0xff, 0xff, 0xff, 0xff, 0xff, 0xf0, 0x0,
    0x0, 0x0, 0x6f, 0xff, 0xff, 0xff, 0xf9, 0x0,
    0x0, 0x0, 0x0, 0x1, 0xbf, 0xff, 0xe9, 0x0,
    0x0, 0x0,

    /* U+0068 "h" */
    0x15, 0x55, 0x0, 0x0, 0x0, 0x0, 0x0, 0x0,
    0xf, 0xff, 0xd0, 0x0, 0x0, 0x0, 0x0, 0x0,
    0x3, 0xff, 0xf4, 0x0, 0x0, 0x0, 0x0, 0x0,
    0x0, 0xff, 0xfd, 0x0, 0x0, 0x0, 0x0, 0x0,
    0x0, 0x3f, 0xff, 0x40, 0x0, 0x0, 0x0, 0x0,
    0x0, 0xf, 0xff, 0xd0, 0x0, 0x0, 0x0, 0x0,
    0x0, 0x3, 0xff, 0xf4, 0x0, 0x0, 0x0, 0x0,
    0x0, 0x0, 0xff, 0xfd, 0x0, 0x0, 0x0, 0x0,
    0x0, 0x0, 0x3f, 0xff, 0x40, 0x0, 0x0, 0x0,
    0x0, 0x0, 0xf, 0xff, 0xd0, 0x0, 0x0, 0x0,
    0x0, 0x0, 0x3, 0xff, 0xf4, 0x0, 0x0, 0x0,
    0x0, 0x0, 0x0, 0xff, 0xfd, 0x0, 0x0, 0x0,
    0x0, 0x0, 0x0, 0x3f, 0xff, 0x40, 0x0, 0x0,
    0x0, 0x0, 0x0, 0xf, 0xff, 0xd0, 0x1, 0xbf,
    0xfe, 0x40, 0x0, 0x3, 0xff, 0xf4, 0xb, 0xff,
    0xff, 0xfe, 0x0, 0x0, 0xff, 0xfd, 0x2f, 0xff,
    0xff, 0xff, 0xf4, 0x0, 0x3f, 0xff, 0x6f, 0xff,
    0xff, 0xff, 0xff, 0x80, 0xf, 0xff, 0xff, 0xff,
    0xff, 0xff, 0xff, 0xf8, 0x3, 0xff, 0xff, 0xff,
    0xff, 0xff, 0xff, 0xff, 0x40, 0xff, 0xff, 0xff,
    0xfe, 0xbf, 0xff, 0xff, 0xf0, 0x3f, 0xff, 0xff,
    0xd0, 0x0, 0x2f, 0xff, 0xfd, 0xf, 0xff, 0xff,
    0x80, 0x0, 0x1, 0xff, 0xff, 0x83, 0xff, 0xff,
    0x80, 0x0, 0x0, 0x2f, 0xff, 0xf0, 0xff, 0xff,
    0xc0, 0x0, 0x0, 0x3, 0xff, 0xfc, 0x3f, 0xff,
    0xd0, 0x0, 0x0, 0x0, 0xbf, 0xff, 0x4f, 0xff,
    0xf0, 0x0, 0x0, 0x0, 0x1f, 0xff, 0xd3, 0xff,
    0xf8, 0x0, 0x0, 0x0, 0x3, 0xff, 0xf4, 0xff,
    0xfe, 0x0, 0x0, 0x0, 0x0, 0xff, 0xfd, 0x3f,
    0xff, 0x40, 0x0, 0x0, 0x0, 0x3f, 0xff, 0x4f,
    0xff, 0xd0, 0x0, 0x0, 0x0, 0xf, 0xff, 0xd3,
    0xff, 0xf4, 0x0, 0x0, 0x0, 0x3, 0xff, 0xf4,
    0xff, 0xfd, 0x0, 0x0, 0x0, 0x0, 0xff, 0xfd,
    0x3f, 0xff, 0x40, 0x0, 0x0, 0x0, 0x3f, 0xff,
    0x4f, 0xff, 0xd0, 0x0, 0x0, 0x0, 0xf, 0xff,
    0xd3, 0xff, 0xf4, 0x0, 0x0, 0x0, 0x3, 0xff,
    0xf4, 0xff, 0xfd, 0x0, 0x0, 0x0, 0x0, 0xff,
    0xfd, 0x3f, 0xff, 0x40, 0x0, 0x0, 0x0, 0x3f,
    0xff, 0x4f, 0xff, 0xd0, 0x0, 0x0, 0x0, 0xf,
    0xff, 0xd3, 0xff, 0xf4, 0x0, 0x0, 0x0, 0x3,
    0xff, 0xf4, 0xff, 0xfd, 0x0, 0x0, 0x0, 0x0,
    0xff, 0xfd, 0x3f, 0xff, 0x40, 0x0, 0x0, 0x0,
    0x3f, 0xff, 0x4f, 0xff, 0xd0, 0x0, 0x0, 0x0,
    0xf, 0xff, 0xd3, 0xff, 0xf4, 0x0, 0x0, 0x0,
    0x3, 0xff, 0xf4, 0xff, 0xfd, 0x0, 0x0, 0x0,
    0x0, 0xff, 0xfd, 0x3f, 0xff, 0x40, 0x0, 0x0,
    0x0, 0x3f, 0xff, 0x4f, 0xff, 0xd0, 0x0, 0x0,
    0x0, 0xf, 0xff, 0xd0,

    /* U+0069 "i" */
    0x0, 0x0, 0x0, 0xb, 0xfd, 0x0, 0xff, 0xfd,
    0xb, 0xff, 0xfc, 0x3f, 0xff, 0xf4, 0xff, 0xff,
    0xd3, 0xff, 0xff, 0x4b, 0xff, 0xfc, 0xf, 0xff,
    0xd0, 0xb, 0xf8, 0x0, 0x0, 0x0, 0x0, 0x0,
    0x0, 0x0, 0x0, 0x0, 0x0, 0x0, 0x0, 0x0,
    0x0, 0x3, 0xff, 0xf4, 0xf, 0xff, 0xd0, 0x3f,
    0xff, 0x40, 0xff, 0xfd, 0x3, 0xff, 0xf4, 0xf,
    0xff, 0xd0, 0x3f, 0xff, 0x40, 0xff, 0xfd, 0x3,
    0xff, 0xf4, 0xf, 0xff, 0xd0, 0x3f, 0xff, 0x40,
    0xff, 0xfd, 0x3, 0xff, 0xf4, 0xf, 0xff, 0xd0,
    0x3f, 0xff, 0x40, 0xff, 0xfd, 0x3, 0xff, 0xf4,
    0xf, 0xff, 0xd0, 0x3f, 0xff, 0x40, 0xff, 0xfd,
    0x3, 0xff, 0xf4, 0xf, 0xff, 0xd0, 0x3f, 0xff,
    0x40, 0xff, 0xfd, 0x3, 0xff, 0xf4, 0xf, 0xff,
    0xd0, 0x3f, 0xff, 0x40, 0xff, 0xfd, 0x3, 0xff,
    0xf4, 0xf, 0xff, 0xd0, 0x3f, 0xff, 0x40, 0xff,
    0xfd, 0x3, 0xff, 0xf4,

    /* U+006A "j" */
    0x0, 0x0, 0x0, 0x0, 0x0, 0x0, 0x0, 0x0,
    0xbf, 0xe0, 0x0, 0x0, 0x2, 0xff, 0xfc, 0x0,
    0x0, 0x7, 0xff, 0xfd, 0x0, 0x0, 0xb, 0xff,
    0xfe, 0x0, 0x0, 0xf, 0xff, 0xff, 0x0, 0x0,
    0xb, 0xff, 0xfe, 0x0, 0x0, 0x7, 0xff, 0xfc,
    0x0, 0x0, 0x2, 0xff, 0xf8, 0x0, 0x0, 0x0,
    0x7f, 0xd0, 0x0, 0x0, 0x0, 0x0, 0x0, 0x0,
    0x0, 0x0, 0x0, 0x0, 0x0, 0x0, 0x0, 0x0,
    0x0, 0x0, 0x0, 0x0, 0x0, 0x0, 0x0, 0x0,
    0x0, 0x0, 0x0, 0x0, 0x0, 0x2, 0xff, 0xfc,
    0x0, 0x0, 0x2, 0xff, 0xfc, 0x0, 0x0, 0x2,
    0xff, 0xfc, 0x0, 0x0, 0x2, 0xff, 0xfc, 0x0,
    0x0, 0x2, 0xff, 0xfc, 0x0, 0x0, 0x2, 0xff,
    0xfc, 0x0, 0x0, 0x2, 0xff, 0xfc, 0x0, 0x0,
    0x2, 0xff, 0xfc, 0x0, 0x0, 0x2, 0xff, 0xfc,
    0x0, 0x0, 0x2, 0xff, 0xfc, 0x0, 0x0, 0x2,
    0xff, 0xfc, 0x0, 0x0, 0x2, 0xff, 0xfc, 0x0,
    0x0, 0x2, 0xff, 0xfc, 0x0, 0x0, 0x2, 0xff,
    0xfc, 0x0, 0x0, 0x2, 0xff, 0xfc, 0x0, 0x0,
    0x2, 0xff, 0xfc, 0x0, 0x0, 0x2, 0xff, 0xfc,
    0x0, 0x0, 0x2, 0xff, 0xfc, 0x0, 0x0, 0x2,
    0xff, 0xfc, 0x0, 0x0, 0x2, 0xff, 0xfc, 0x0,
    0x0, 0x2, 0xff, 0xfc, 0x0, 0x0, 0x2, 0xff,
    0xfc, 0x0, 0x0, 0x2, 0xff, 0xfc, 0x0, 0x0,
    0x2, 0xff, 0xfc, 0x0, 0x0, 0x2, 0xff, 0xfc,
    0x0, 0x0, 0x2, 0xff, 0xfc, 0x0, 0x0, 0x2,
    0xff, 0xfc, 0x0, 0x0, 0x2, 0xff, 0xfc, 0x0,
    0x0, 0x2, 0xff, 0xfc, 0x0, 0x0, 0x2, 0xff,
    0xfc, 0x0, 0x0, 0x2, 0xff, 0xfc, 0x0, 0x0,
    0x2, 0xff, 0xfc, 0x0, 0x0, 0x2, 0xff, 0xfc,
    0x0, 0x0, 0x2, 0xff, 0xfc, 0x0, 0x0, 0x3,
    0xff, 0xf8, 0x0, 0x0, 0x3, 0xff, 0xf8, 0x0,
    0x0, 0x7, 0xff, 0xf4, 0x4, 0x0, 0xf, 0xff,
    0xf0, 0xf, 0x95, 0xbf, 0xff, 0xf0, 0xf, 0xff,
    0xff, 0xff, 0xd0, 0x2f, 0xff, 0xff, 0xff, 0xc0,
    0x3f, 0xff, 0xff, 0xff, 0x0, 0x7f, 0xff, 0xff,
    0xfc, 0x0, 0x2f, 0xff, 0xff, 0xe0, 0x0, 0x1,
    0xbf, 0xf9, 0x0, 0x0,

    /* U+006B "k" */
    0x15, 0x55, 0x0, 0x0, 0x0, 0x0, 0x0, 0x0,
    0x0, 0xff, 0xfd, 0x0, 0x0, 0x0, 0x0, 0x0,
    0x0, 0x3, 0xff, 0xf4, 0x0, 0x0, 0x0, 0x0,
    0x0, 0x0, 0xf, 0xff, 0xd0, 0x0, 0x0, 0x0,
    0x0, 0x0, 0x0, 0x3f, 0xff, 0x40, 0x0, 0x0,
    0x0, 0x0, 0x0, 0x0, 0xff, 0xfd, 0x0, 0x0,
    0x0, 0x0, 0x0, 0x0, 0x3, 0xff, 0xf4, 0x0,
    0x0, 0x0, 0x0, 0x0, 0x0, 0xf, 0xff, 0xd0,
    0x0, 0x0, 0x0, 0x0, 0x0, 0x0, 0x3f, 0xff,
    0x40, 0x0, 0x0, 0x0, 0x0, 0x0, 0x0, 0xff,
    0xfd, 0x0, 0x0, 0x0, 0x0, 0x0, 0x0, 0x3,
    0xff, 0xf4, 0x0, 0x0, 0x0, 0x0, 0x0, 0x0,
    0xf, 0xff, 0xd0, 0x0, 0x0, 0x0, 0x0, 0x0,
    0x0, 0x3f, 0xff, 0x40, 0x0, 0x0, 0x0, 0x0,
    0x0, 0x0, 0xff, 0xfd, 0x0, 0x0, 0x0, 0xb,
    0xff, 0xfd, 0x3, 0xff, 0xf4, 0x0, 0x0, 0x0,
    0xbf, 0xff, 0xe0, 0xf, 0xff, 0xd0, 0x0, 0x0,
    0xb, 0xff, 0xfe, 0x0, 0x3f, 0xff, 0x40, 0x0,
    0x0, 0xbf, 0xff, 0xe0, 0x0, 0xff, 0xfd, 0x0,
    0x0, 0xb, 0xff, 0xfe, 0x0, 0x3, 0xff, 0xf4,
    0x0, 0x0, 0xff, 0xff, 0xe0, 0x0, 0xf, 0xff,
    0xd0, 0x0, 0xf, 0xff, 0xfe, 0x0, 0x0, 0x3f,
    0xff, 0x40, 0x0, 0xff, 0xff, 0xe0, 0x0, 0x0,
    0xff, 0xfd, 0x0, 0xf, 0xff, 0xfe, 0x0, 0x0,
    0x3, 0xff, 0xf4, 0x0, 0xff, 0xff, 0xe0, 0x0,
    0x0, 0xf, 0xff, 0xd0, 0xf, 0xff, 0xff, 0x0,
    0x0, 0x0, 0x3f, 0xff, 0x40, 0xff, 0xff, 0xf0,
    0x0, 0x0, 0x0, 0xff, 0xfd, 0xf, 0xff, 0xff,
    0x0, 0x0, 0x0, 0x3, 0xff, 0xf4, 0xff, 0xff,
    0xf0, 0x0, 0x0, 0x0, 0xf, 0xff, 0xef, 0xff,
    0xff, 0xc0, 0x0, 0x0, 0x0, 0x3f, 0xff, 0xff,
    0xff, 0xff, 0xc0, 0x0, 0x0, 0x0, 0xff, 0xff,
    0xff, 0xff, 0xff, 0x80, 0x0, 0x0, 0x3, 0xff,
    0xff, 0xff, 0xff, 0xff, 0x40, 0x0, 0x0, 0xf,
    0xff, 0xff, 0xff, 0xff, 0xff, 0x0, 0x0, 0x0,
    0x3f, 0xff, 0xff, 0xd7, 0xff, 0xff, 0x0, 0x0,
    0x0, 0xff, 0xff, 0xfd, 0xb, 0xff, 0xfe, 0x0,
    0x0, 0x3, 0xff, 0xff, 0xd0, 0xf, 0xff, 0xfd,
    0x0, 0x0, 0xf, 0xff, 0xfd, 0x0, 0xf, 0xff,
    0xfc, 0x0, 0x0, 0x3f, 0xff, 0xd0, 0x0, 0x1f,
    0xff, 0xfc, 0x0, 0x0, 0xff, 0xfd, 0x0, 0x0,
    0x2f, 0xff, 0xf8, 0x0, 0x3, 0xff, 0xf4, 0x0,
    0x0, 0x3f, 0xff, 0xf4, 0x0, 0xf, 0xff, 0xd0,
    0x0, 0x0, 0x3f, 0xff, 0xf4, 0x0, 0x3f, 0xff,
    0x40, 0x0, 0x0, 0x3f, 0xff, 0xf0, 0x0, 0xff,
    0xfd, 0x0, 0x0, 0x0, 0x7f, 0xff, 0xf0, 0x3,
    0xff, 0xf4, 0x0, 0x0, 0x0, 0xbf, 0xff, 0xe0,
    0xf, 0xff, 0xd0, 0x0, 0x0, 0x0, 0xff, 0xff,
    0xd0, 0x3f, 0xff, 0x40, 0x0, 0x0, 0x0, 0xff,
    0xff, 0xc0, 0xff, 0xfd, 0x0, 0x0, 0x0, 0x1,
    0xff, 0xff, 0xc0,

    /* U+006C "l" */
    0x15, 0x55, 0xf, 0xff, 0xd3, 0xff, 0xf4, 0xff,
    0xfd, 0x3f, 0xff, 0x4f, 0xff, 0xd3, 0xff, 0xf4,
    0xff, 0xfd, 0x3f, 0xff, 0x4f, 0xff, 0xd3, 0xff,
    0xf4, 0xff, 0xfd, 0x3f, 0xff, 0x4f, 0xff, 0xd3,
    0xff, 0xf4, 0xff, 0xfd, 0x3f, 0xff, 0x4f, 0xff,
    0xd3, 0xff, 0xf4, 0xff, 0xfd, 0x3f, 0xff, 0x4f,
    0xff, 0xd3, 0xff, 0xf4, 0xff, 0xfd, 0x3f, 0xff,
    0x4f, 0xff, 0xd3, 0xff, 0xf4, 0xff, 0xfd, 0x3f,
    0xff, 0x4f, 0xff, 0xd3, 0xff, 0xf4, 0xff, 0xfd,
    0x3f, 0xff, 0x4f, 0xff, 0xd3, 0xff, 0xf4, 0xff,
    0xfd, 0x3f, 0xff, 0x4f, 0xff, 0xd3, 0xff, 0xf4,
    0xff, 0xfd, 0x3f, 0xff, 0x4f, 0xff, 0xd3, 0xff,
    0xf4, 0xff, 0xfd, 0x3f, 0xff, 0x4f, 0xff, 0xd0,

    /* U+006D "m" */
    0x3f, 0xff, 0x0, 0xa, 0xff, 0xe4, 0x0, 0x0,
    0x0, 0x6f, 0xff, 0x90, 0x0, 0x0, 0xff, 0xfc,
    0x7, 0xff, 0xff, 0xff, 0x40, 0x0, 0x2f, 0xff,
    0xff, 0xf8, 0x0, 0x3, 0xff, 0xf0, 0xff, 0xff,
    0xff, 0xff, 0x80, 0x7, 0xff, 0xff, 0xff, 0xfe,
    0x0, 0xf, 0xff, 0xdf, 0xff, 0xff, 0xff, 0xff,
    0xc0, 0xbf, 0xff, 0xff, 0xff, 0xff, 0x0, 0x3f,
    0xff, 0xff, 0xff, 0xff, 0xff, 0xff, 0x8f, 0xff,
    0xff, 0xff, 0xff, 0xfe, 0x0, 0xff, 0xff, 0xff,
    0xff, 0xff, 0xff, 0xff, 0xff, 0xff, 0xff, 0xff,
    0xff, 0xfd, 0x3, 0xff, 0xff, 0xff, 0xfa, 0xff,
    0xff, 0xff, 0xff, 0xff, 0xeb, 0xff, 0xff, 0xfc,
    0xf, 0xff, 0xff, 0xf4, 0x0, 0x2f, 0xff, 0xff,
    0xff, 0xd0, 0x0, 0xbf, 0xff, 0xf4, 0x3f, 0xff,
    0xfd, 0x0, 0x0, 0x1f, 0xff, 0xff, 0xf4, 0x0,
    0x0, 0x7f, 0xff, 0xe0, 0xff, 0xff, 0xd0, 0x0,
    0x0, 0x1f, 0xff, 0xff, 0x40, 0x0, 0x0, 0x7f,
    0xff, 0xc3, 0xff, 0xfe, 0x0, 0x0, 0x0, 0x3f,
    0xff, 0xfc, 0x0, 0x0, 0x0, 0xff, 0xff, 0xf,
    0xff, 0xf4, 0x0, 0x0, 0x0, 0xbf, 0xff, 0xd0,
    0x0, 0x0, 0x1, 0xff, 0xfd, 0x3f, 0xff, 0xc0,
    0x0, 0x0, 0x1, 0xff, 0xff, 0x0, 0x0, 0x0,
    0x7, 0xff, 0xf4, 0xff, 0xfe, 0x0, 0x0, 0x0,
    0x3, 0xff, 0xf8, 0x0, 0x0, 0x0, 0xf, 0xff,
    0xd3, 0xff, 0xf8, 0x0, 0x0, 0x0, 0xf, 0xff,
    0xe0, 0x0, 0x0, 0x0, 0x3f, 0xff, 0x4f, 0xff,
    0xd0, 0x0, 0x0, 0x0, 0x3f, 0xff, 0x80, 0x0,
    0x0, 0x0, 0xff, 0xfe, 0x3f, 0xff, 0x40, 0x0,
    0x0, 0x0, 0xff, 0xfd, 0x0, 0x0, 0x0, 0x3,
    0xff, 0xf8, 0xff, 0xfd, 0x0, 0x0, 0x0, 0x3,
    0xff, 0xf4, 0x0, 0x0, 0x0, 0xf, 0xff, 0xe3,
    0xff, 0xf4, 0x0, 0x0, 0x0, 0xf, 0xff, 0xd0,
    0x0, 0x0, 0x0, 0x3f, 0xff, 0x8f, 0xff, 0xd0,
    0x0, 0x0, 0x0, 0x3f, 0xff, 0x40, 0x0, 0x0,
    0x0, 0xff, 0xfe, 0x3f, 0xff, 0x40, 0x0, 0x0,
    0x0, 0xff, 0xfd, 0x0, 0x0, 0x0, 0x3, 0xff,
    0xf8, 0xff, 0xfd, 0x0, 0x0, 0x0, 0x3, 0xff,
    0xf4, 0x0, 0x0, 0x0, 0xf, 0xff, 0xe3, 0xff,
    0xf4, 0x0, 0x0, 0x0, 0xf, 0xff, 0xd0, 0x0,
    0x0, 0x0, 0x3f, 0xff, 0x8f, 0xff, 0xd0, 0x0,
    0x0, 0x0, 0x3f, 0xff, 0x40, 0x0, 0x0, 0x0,
    0xff, 0xfe, 0x3f, 0xff, 0x40, 0x0, 0x0, 0x0,
    0xff, 0xfd, 0x0, 0x0, 0x0, 0x3, 0xff, 0xf8,
    0xff, 0xfd, 0x0, 0x0, 0x0, 0x3, 0xff, 0xf4,
    0x0, 0x0, 0x0, 0xf, 0xff, 0xe3, 0xff, 0xf4,
    0x0, 0x0, 0x0, 0xf, 0xff, 0xd0, 0x0, 0x0,
    0x0, 0x3f, 0xff, 0x8f, 0xff, 0xd0, 0x0, 0x0,
    0x0, 0x3f, 0xff, 0x40, 0x0, 0x0, 0x0, 0xff,
    0xfe, 0x3f, 0xff, 0x40, 0x0, 0x0, 0x0, 0xff,
    0xfd, 0x0, 0x0, 0x0, 0x3, 0xff, 0xf8, 0xff,
    0xfd, 0x0, 0x0, 0x0, 0x3, 0xff, 0xf4, 0x0,
    0x0, 0x0, 0xf, 0xff, 0xe3, 0xff, 0xf4, 0x0,
    0x0, 0x0, 0xf, 0xff, 0xd0, 0x0, 0x0, 0x0,
    0x3f, 0xff, 0x8f, 0xff, 0xd0, 0x0, 0x0, 0x0,
    0x3f, 0xff, 0x40, 0x0, 0x0, 0x0, 0xff, 0xfe,
    0x3f, 0xff, 0x40, 0x0, 0x0, 0x0, 0xff, 0xfd,
    0x0, 0x0, 0x0, 0x3, 0xff, 0xf8,

    /* U+006E "n" */
    0x3f, 0xff, 0x0, 0x6, 0xff, 0xf9, 0x0, 0x0,
    0xf, 0xff, 0xc0, 0x6f, 0xff, 0xff, 0xf8, 0x0,
    0x3, 0xff, 0xf0, 0xbf, 0xff, 0xff, 0xff, 0xd0,
    0x0, 0xff, 0xfc, 0xff, 0xff, 0xff, 0xff, 0xfe,
    0x0, 0x3f, 0xff, 0xff, 0xff, 0xff, 0xff, 0xff,
    0xe0, 0xf, 0xff, 0xff, 0xff, 0xff, 0xff, 0xff,
    0xfd, 0x3, 0xff, 0xff, 0xff, 0xfa, 0xff, 0xff,
    0xff, 0xc0, 0xff, 0xff, 0xff, 0x40, 0x0, 0xbf,
    0xff, 0xf4, 0x3f, 0xff, 0xfe, 0x0, 0x0, 0x7,
    0xff, 0xfe, 0xf, 0xff, 0xfe, 0x0, 0x0, 0x0,
    0xbf, 0xff, 0xc3, 0xff, 0xff, 0x0, 0x0, 0x0,
    0xf, 0xff, 0xf0, 0xff, 0xff, 0x40, 0x0, 0x0,
    0x2, 0xff, 0xfd, 0x3f, 0xff, 0xc0, 0x0, 0x0,
    0x0, 0x7f, 0xff, 0x4f, 0xff, 0xe0, 0x0, 0x0,
    0x0, 0xf, 0xff, 0xd3, 0xff, 0xf8, 0x0, 0x0,
    0x0, 0x3, 0xff, 0xf4, 0xff, 0xfd, 0x0, 0x0,
    0x0, 0x0, 0xff, 0xfd, 0x3f, 0xff, 0x40, 0x0,
    0x0, 0x0, 0x3f, 0xff, 0x4f, 0xff, 0xd0, 0x0,
    0x0, 0x0, 0xf, 0xff, 0xd3, 0xff, 0xf4, 0x0,
    0x0, 0x0, 0x3, 0xff, 0xf4, 0xff, 0xfd, 0x0,
    0x0, 0x0, 0x0, 0xff, 0xfd, 0x3f, 0xff, 0x40,
    0x0, 0x0, 0x0, 0x3f, 0xff, 0x4f, 0xff, 0xd0,
    0x0, 0x0, 0x0, 0xf, 0xff, 0xd3, 0xff, 0xf4,
    0x0, 0x0, 0x0, 0x3, 0xff, 0xf4, 0xff, 0xfd,
    0x0, 0x0, 0x0, 0x0, 0xff, 0xfd, 0x3f, 0xff,
    0x40, 0x0, 0x0, 0x0, 0x3f, 0xff, 0x4f, 0xff,
    0xd0, 0x0, 0x0, 0x0, 0xf, 0xff, 0xd3, 0xff,
    0xf4, 0x0, 0x0, 0x0, 0x3, 0xff, 0xf4, 0xff,
    0xfd, 0x0, 0x0, 0x0, 0x0, 0xff, 0xfd, 0x3f,
    0xff, 0x40, 0x0, 0x0, 0x0, 0x3f, 0xff, 0x4f,
    0xff, 0xd0, 0x0, 0x0, 0x0, 0xf, 0xff, 0xd3,
    0xff, 0xf4, 0x0, 0x0, 0x0, 0x3, 0xff, 0xf4,
    0xff, 0xfd, 0x0, 0x0, 0x0, 0x0, 0xff, 0xfd,
    0x3f, 0xff, 0x40, 0x0, 0x0, 0x0, 0x3f, 0xff,
    0x40,

    /* U+006F "o" */
    0x0, 0x0, 0x0, 0x6f, 0xff, 0xa4, 0x0, 0x0,
    0x0, 0x0, 0x0, 0x7f, 0xff, 0xff, 0xfe, 0x0,
    0x0, 0x0, 0x0, 0xf, 0xff, 0xff, 0xff, 0xff,
    0x80, 0x0, 0x0, 0x2, 0xff, 0xff, 0xff, 0xff,
    0xff, 0xd0, 0x0, 0x0, 0x2f, 0xff, 0xff, 0xff,
    0xff, 0xff, 0xd0, 0x0, 0x2, 0xff, 0xff, 0xff,
    0xff, 0xff, 0xff, 0xd0, 0x0, 0x2f, 0xff, 0xff,
    0xea, 0xaf, 0xff, 0xff, 0xd0, 0x0, 0xff, 0xff,
    0xe0, 0x0, 0x7, 0xff, 0xff, 0xc0, 0xf, 0xff,
    0xfd, 0x0, 0x0, 0x2, 0xff, 0xff, 0x80, 0x7f,
    0xff, 0xd0, 0x0, 0x0, 0x2, 0xff, 0xff, 0x2,
    0xff, 0xfe, 0x0, 0x0, 0x0, 0x3, 0xff, 0xfd,
    0xf, 0xff, 0xf0, 0x0, 0x0, 0x0, 0x3, 0xff,
    0xf8, 0x7f, 0xff, 0x80, 0x0, 0x0, 0x0, 0xf,
    0xff, 0xf1, 0xff, 0xfc, 0x0, 0x0, 0x0, 0x0,
    0x2f, 0xff, 0xcb, 0xff, 0xf0, 0x0, 0x0, 0x0,
    0x0, 0x7f, 0xff, 0x6f, 0xff, 0xc0, 0x0, 0x0,
    0x0, 0x0, 0xff, 0xfd, 0xbf, 0xff, 0x0, 0x0,
    0x0, 0x0, 0x3, 0xff, 0xf6, 0xff, 0xfc, 0x0,
    0x0, 0x0, 0x0, 0xf, 0xff, 0xdb, 0xff, 0xf0,
    0x0, 0x0, 0x0, 0x0, 0x7f, 0xff, 0x5f, 0xff,
    0xc0, 0x0, 0x0, 0x0, 0x2, 0xff, 0xfc, 0x7f,
    0xff, 0x80, 0x0, 0x0, 0x0, 0xf, 0xff, 0xf0,
    0xff, 0xff, 0x0, 0x0, 0x0, 0x0, 0x7f, 0xff,
    0x82, 0xff, 0xfe, 0x0, 0x0, 0x0, 0x3, 0xff,
    0xfd, 0x7, 0xff, 0xfd, 0x0, 0x0, 0x0, 0x2f,
    0xff, 0xf0, 0xf, 0xff, 0xfd, 0x0, 0x0, 0x2,
    0xff, 0xff, 0x40, 0xf, 0xff, 0xff, 0x40, 0x0,
    0x7f, 0xff, 0xfc, 0x0, 0x1f, 0xff, 0xff, 0xea,
    0xbf, 0xff, 0xff, 0xc0, 0x0, 0x2f, 0xff, 0xff,
    0xff, 0xff, 0xff, 0xfd, 0x0, 0x0, 0x2f, 0xff,
    0xff, 0xff, 0xff, 0xff, 0xd0, 0x0, 0x0, 0x1f,
    0xff, 0xff, 0xff, 0xff, 0xfd, 0x0, 0x0, 0x0,
    0xf, 0xff, 0xff, 0xff, 0xff, 0x80, 0x0, 0x0,
    0x0, 0x7, 0xff, 0xff, 0xff, 0xe0, 0x0, 0x0,
    0x0, 0x0, 0x0, 0x6f, 0xff, 0xa4, 0x0, 0x0,
    0x0,

    /* U+0070 "p" */
    0x3f, 0xff, 0x0, 0x6, 0xff, 0xf9, 0x0, 0x0,
    0x0, 0xff, 0xfc, 0x7, 0xff, 0xff, 0xff, 0x80,
    0x0, 0x3, 0xff, 0xf0, 0xbf, 0xff, 0xff, 0xff,
    0xe0, 0x0, 0xf, 0xff, 0xcf, 0xff, 0xff, 0xff,
    0xff, 0xf0, 0x0, 0x3f, 0xff, 0xff, 0xff, 0xff,
    0xff, 0xff, 0xf4, 0x0, 0xff, 0xff, 0xff, 0xff,
    0xff, 0xff, 0xff, 0xf0, 0x3, 0xff, 0xff, 0xff,
    0xfa, 0xaf, 0xff, 0xff, 0xf0, 0xf, 0xff, 0xff,
    0xf4, 0x0, 0x2, 0xff, 0xff, 0xe0, 0x3f, 0xff,
    0xff, 0x0, 0x0, 0x1, 0xff, 0xff, 0xc0, 0xff,
    0xff, 0xf0, 0x0, 0x0, 0x0, 0xff, 0xff, 0x83,
    0xff, 0xff, 0x0, 0x0, 0x0, 0x1, 0xff, 0xff,
    0xf, 0xff, 0xf4, 0x0, 0x0, 0x0, 0x3, 0xff,
    0xfd, 0x3f, 0xff, 0xc0, 0x0, 0x0, 0x0, 0x7,
    0xff, 0xf8, 0xff, 0xfe, 0x0, 0x0, 0x0, 0x0,
    0xf, 0xff, 0xe3, 0xff, 0xf4, 0x0, 0x0, 0x0,
    0x0, 0x3f, 0xff, 0xcf, 0xff, 0xd0, 0x0, 0x0,
    0x0, 0x0, 0xbf, 0xff, 0x3f, 0xff, 0x40, 0x0,
    0x0, 0x0, 0x2, 0xff, 0xfc, 0xff, 0xfd, 0x0,
    0x0, 0x0, 0x0, 0xb, 0xff, 0xf3, 0xff, 0xf4,
    0x0, 0x0, 0x0, 0x0, 0x3f, 0xff, 0xcf, 0xff,
    0xe0, 0x0, 0x0, 0x0, 0x0, 0xff, 0xfe, 0x3f,
    0xff, 0xc0, 0x0, 0x0, 0x0, 0x7, 0xff, 0xf8,
    0xff, 0xff, 0x40, 0x0, 0x0, 0x0, 0x3f, 0xff,
    0xd3, 0xff, 0xff, 0x0, 0x0, 0x0, 0x1, 0xff,
    0xff, 0xf, 0xff, 0xff, 0x0, 0x0, 0x0, 0xf,
    0xff, 0xf8, 0x3f, 0xff, 0xff, 0x0, 0x0, 0x1,
    0xff, 0xff, 0xc0, 0xff, 0xff, 0xff, 0x40, 0x0,
    0x2f, 0xff, 0xfe, 0x3, 0xff, 0xff, 0xff, 0xfa,
    0xaf, 0xff, 0xff, 0xf0, 0xf, 0xff, 0xff, 0xff,
    0xff, 0xff, 0xff, 0xff, 0x0, 0x3f, 0xff, 0xff,
    0xff, 0xff, 0xff, 0xff, 0xf4, 0x0, 0xff, 0xfd,
    0xbf, 0xff, 0xff, 0xff, 0xff, 0x0, 0x3, 0xff,
    0xf4, 0x7f, 0xff, 0xff, 0xff, 0xe0, 0x0, 0xf,
    0xff, 0xd0, 0x2f, 0xff, 0xff, 0xf8, 0x0, 0x0,
    0x3f, 0xff, 0x40, 0x6, 0xff, 0xf9, 0x0, 0x0,
    0x0, 0xff, 0xfd, 0x0, 0x0, 0x0, 0x0, 0x0,
    0x0, 0x3, 0xff, 0xf4, 0x0, 0x0, 0x0, 0x0,
    0x0, 0x0, 0xf, 0xff, 0xd0, 0x0, 0x0, 0x0,
    0x0, 0x0, 0x0, 0x3f, 0xff, 0x40, 0x0, 0x0,
    0x0, 0x0, 0x0, 0x0, 0xff, 0xfd, 0x0, 0x0,
    0x0, 0x0, 0x0, 0x0, 0x3, 0xff, 0xf4, 0x0,
    0x0, 0x0, 0x0, 0x0, 0x0, 0xf, 0xff, 0xd0,
    0x0, 0x0, 0x0, 0x0, 0x0, 0x0, 0x3f, 0xff,
    0x40, 0x0, 0x0, 0x0, 0x0, 0x0, 0x0, 0xff,
    0xfd, 0x0, 0x0, 0x0, 0x0, 0x0, 0x0, 0x3,
    0xff, 0xf4, 0x0, 0x0, 0x0, 0x0, 0x0, 0x0,
    0xf, 0xff, 0xd0, 0x0, 0x0, 0x0, 0x0, 0x0,
    0x0, 0x3f, 0xff, 0x40, 0x0, 0x0, 0x0, 0x0,
    0x0, 0x0,

    /* U+0071 "q" */
    0x0, 0x0, 0x1, 0xaf, 0xfe, 0x80, 0x3, 0xff,
    0xf0, 0x0, 0x0, 0xbf, 0xff, 0xff, 0xf4, 0xf,
    0xff, 0xc0, 0x0, 0x2f, 0xff, 0xff, 0xff, 0xfc,
    0x3f, 0xff, 0x0, 0x3, 0xff, 0xff, 0xff, 0xff,
    0xfc, 0xff, 0xfc, 0x0, 0x3f, 0xff, 0xff, 0xff,
    0xff, 0xff, 0xff, 0xf0, 0x3, 0xff, 0xff, 0xff,
    0xff, 0xff, 0xff, 0xff, 0xc0, 0x3f, 0xff, 0xff,
    0xea, 0xaf, 0xff, 0xff, 0xff, 0x1, 0xff, 0xff,
    0xe0, 0x0, 0x7, 0xff, 0xff, 0xfc, 0xf, 0xff,
    0xfd, 0x0, 0x0, 0x2, 0xff, 0xff, 0xf0, 0x7f,
    0xff, 0xd0, 0x0, 0x0, 0x2, 0xff, 0xff, 0xc3,
    0xff, 0xfe, 0x0, 0x0, 0x0, 0x3, 0xff, 0xff,
    0xf, 0xff, 0xf0, 0x0, 0x0, 0x0, 0x7, 0xff,
    0xfc, 0x7f, 0xff, 0x80, 0x0, 0x0, 0x0, 0xf,
    0xff, 0xf1, 0xff, 0xfc, 0x0, 0x0, 0x0, 0x0,
    0x2f, 0xff, 0xcb, 0xff, 0xf0, 0x0, 0x0, 0x0,
    0x0, 0x7f, 0xff, 0x2f, 0xff, 0xc0, 0x0, 0x0,
    0x0, 0x0, 0xff, 0xfc, 0xbf, 0xff, 0x0, 0x0,
    0x0, 0x0, 0x3, 0xff, 0xf2, 0xff, 0xfc, 0x0,
    0x0, 0x0, 0x0, 0xf, 0xff, 0xcb, 0xff, 0xf0,
    0x0, 0x0, 0x0, 0x0, 0x7f, 0xff, 0x1f, 0xff,
    0xc0, 0x0, 0x0, 0x0, 0x2, 0xff, 0xfc, 0x7f,
    0xff, 0x80, 0x0, 0x0, 0x0, 0xf, 0xff, 0xf0,
    0xff, 0xff, 0x0, 0x0, 0x0, 0x0, 0x7f, 0xff,
    0xc3, 0xff, 0xfe, 0x0, 0x0, 0x0, 0x3, 0xff,
    0xff, 0x7, 0xff, 0xfd, 0x0, 0x0, 0x0, 0x2f,
    0xff, 0xfc, 0xf, 0xff, 0xfd, 0x0, 0x0, 0x2,
    0xff, 0xff, 0xf0, 0x1f, 0xff, 0xff, 0x40, 0x0,
    0x7f, 0xff, 0xff, 0xc0, 0x3f, 0xff, 0xff, 0xea,
    0xbf, 0xff, 0xff, 0xff, 0x0, 0x3f, 0xff, 0xff,
    0xff, 0xff, 0xff, 0xff, 0xfc, 0x0, 0x3f, 0xff,
    0xff, 0xff, 0xff, 0xff, 0xff, 0xf0, 0x0, 0x3f,
    0xff, 0xff, 0xff, 0xff, 0xdf, 0xff, 0xc0, 0x0,
    0x2f, 0xff, 0xff, 0xff, 0xf8, 0x7f, 0xff, 0x0,
    0x0, 0xb, 0xff, 0xff, 0xfe, 0x1, 0xff, 0xfc,
    0x0, 0x0, 0x1, 0xbf, 0xfe, 0x40, 0x7, 0xff,
    0xf0, 0x0, 0x0, 0x0, 0x0, 0x0, 0x0, 0x1f,
    0xff, 0xc0, 0x0, 0x0, 0x0, 0x0, 0x0, 0x0,
    0x7f, 0xff, 0x0, 0x0, 0x0, 0x0, 0x0, 0x0,
    0x1, 0xff, 0xfc, 0x0, 0x0, 0x0, 0x0, 0x0,
    0x0, 0x7, 0xff, 0xf0, 0x0, 0x0, 0x0, 0x0,
    0x0, 0x0, 0x1f, 0xff, 0xc0, 0x0, 0x0, 0x0,
    0x0, 0x0, 0x0, 0x7f, 0xff, 0x0, 0x0, 0x0,
    0x0, 0x0, 0x0, 0x1, 0xff, 0xfc, 0x0, 0x0,
    0x0, 0x0, 0x0, 0x0, 0x7, 0xff, 0xf0, 0x0,
    0x0, 0x0, 0x0, 0x0, 0x0, 0x1f, 0xff, 0xc0,
    0x0, 0x0, 0x0, 0x0, 0x0, 0x0, 0x7f, 0xff,
    0x0, 0x0, 0x0, 0x0, 0x0, 0x0, 0x1, 0xff,
    0xfc, 0x0, 0x0, 0x0, 0x0, 0x0, 0x0, 0x7,
    0xff, 0xf0,

    /* U+0072 "r" */
    0x3f, 0xff, 0x0, 0x6, 0xfd, 0x3f, 0xff, 0x0,
    0xbf, 0xfd, 0x3f, 0xff, 0xb, 0xff, 0xfd, 0x3f,
    0xff, 0x2f, 0xff, 0xfd, 0x3f, 0xff, 0xbf, 0xff,
    0xfd, 0x3f, 0xff, 0xff, 0xff, 0xfd, 0x3f, 0xff,
    0xff, 0xff, 0xfd, 0x3f, 0xff, 0xff, 0xf9, 0x0,
    0x3f, 0xff, 0xff, 0x40, 0x0, 0x3f, 0xff, 0xfc,
    0x0, 0x0, 0x3f, 0xff, 0xf4, 0x0, 0x0, 0x3f,
    0xff, 0xe0, 0x0, 0x0, 0x3f, 0xff, 0xc0, 0x0,
    0x0, 0x3f, 0xff, 0xc0, 0x0, 0x0, 0x3f, 0xff,
    0x80, 0x0, 0x0, 0x3f, 0xff, 0x80, 0x0, 0x0,
    0x3f, 0xff, 0x40, 0x0, 0x0, 0x3f, 0xff, 0x40,
    0x0, 0x0, 0x3f, 0xff, 0x40, 0x0, 0x0, 0x3f,
    0xff, 0x40, 0x0, 0x0, 0x3f, 0xff, 0x40, 0x0,
    0x0, 0x3f, 0xff, 0x40, 0x0, 0x0, 0x3f, 0xff,
    0x40, 0x0, 0x0, 0x3f, 0xff, 0x40, 0x0, 0x0,
    0x3f, 0xff, 0x40, 0x0, 0x0, 0x3f, 0xff, 0x40,
    0x0, 0x0, 0x3f, 0xff, 0x40, 0x0, 0x0, 0x3f,
    0xff, 0x40, 0x0, 0x0, 0x3f, 0xff, 0x40, 0x0,
    0x0, 0x3f, 0xff, 0x40, 0x0, 0x0, 0x3f, 0xff,
    0x40, 0x0, 0x0, 0x3f, 0xff, 0x40, 0x0, 0x0,
    0x3f, 0xff, 0x40, 0x0, 0x0,

    /* U+0073 "s" */
    0x0, 0x0, 0x1a, 0xff, 0xfe, 0x50, 0x0, 0x0,
    0x0, 0xbf, 0xff, 0xff, 0xff, 0xd0, 0x0, 0x2,
    0xff, 0xff, 0xff, 0xff, 0xff, 0x80, 0x3, 0xff,
    0xff, 0xff, 0xff, 0xff, 0xf0, 0x3, 0xff, 0xff,
    0xff, 0xff, 0xff, 0xf4, 0x2, 0xff, 0xff, 0xff,
    0xff, 0xff, 0xfc, 0x0, 0xff, 0xff, 0xe5, 0x1,
    0x6f, 0xfd, 0x0, 0x7f, 0xff, 0x80, 0x0, 0x0,
    0x2f, 0x0, 0x2f, 0xff, 0xc0, 0x0, 0x0, 0x0,
    0x40, 0xb, 0xff, 0xe0, 0x0, 0x0, 0x0, 0x0,
    0x3, 0xff, 0xf8, 0x0, 0x0, 0x0, 0x0, 0x0,
    0xbf, 0xff, 0x0, 0x0, 0x0, 0x0, 0x0, 0x2f,
    0xff, 0xf8, 0x0, 0x0, 0x0, 0x0, 0x3, 0xff,
    0xff, 0xfa, 0x40, 0x0, 0x0, 0x0, 0xbf, 0xff,
    0xff, 0xff, 0xe4, 0x0, 0x0, 0xf, 0xff, 0xff,
    0xff, 0xff, 0xe4, 0x0, 0x0, 0xff, 0xff, 0xff,
    0xff, 0xff, 0xc0, 0x0, 0x7, 0xff, 0xff, 0xff,
    0xff, 0xfc, 0x0, 0x0, 0xb, 0xff, 0xff, 0xff,
    0xff, 0xc0, 0x0, 0x0, 0x1, 0xaf, 0xff, 0xff,
    0xf8, 0x0, 0x0, 0x0, 0x0, 0x1b, 0xff, 0xff,
    0x0, 0x0, 0x0, 0x0, 0x0, 0x2f, 0xff, 0xc0,
    0x0, 0x0, 0x0, 0x0, 0x3, 0xff, 0xf4, 0x0,
    0x0, 0x0, 0x0, 0x0, 0xff, 0xfd, 0x7, 0x80,
    0x0, 0x0, 0x0, 0x7f, 0xff, 0x3, 0xfe, 0x40,
    0x0, 0x0, 0x7f, 0xff, 0xc1, 0xff, 0xff, 0x95,
    0x15, 0xff, 0xff, 0xe0, 0xff, 0xff, 0xff, 0xff,
    0xff, 0xff, 0xf0, 0x7f, 0xff, 0xff, 0xff, 0xff,
    0xff, 0xf4, 0x1f, 0xff, 0xff, 0xff, 0xff, 0xff,
    0xf4, 0x0, 0xbf, 0xff, 0xff, 0xff, 0xff, 0xf0,
    0x0, 0x1, 0xff, 0xff, 0xff, 0xff, 0xd0, 0x0,
    0x0, 0x1, 0xaf, 0xff, 0xe9, 0x0, 0x0, 0x0,

    /* U+0074 "t" */
    0x0, 0xa, 0xaa, 0x80, 0x0, 0x0, 0x0, 0x3,
    0xff, 0xf4, 0x0, 0x0, 0x0, 0x0, 0xff, 0xfd,
    0x0, 0x0, 0x0, 0x0, 0x3f, 0xff, 0x40, 0x0,
    0x0, 0x0, 0xf, 0xff, 0xd0, 0x0, 0x0, 0x0,
    0x3, 0xff, 0xf4, 0x0, 0x0, 0x0, 0x0, 0xff,
    0xfd, 0x0, 0x0, 0x0, 0x0, 0x3f, 0xff, 0x40,
    0x0, 0x0, 0x7f, 0xff, 0xff, 0xff, 0xff, 0xf0,
    0x1f, 0xff, 0xff, 0xff, 0xff, 0xfc, 0x7, 0xff,
    0xff, 0xff, 0xff, 0xff, 0x1, 0xff, 0xff, 0xff,
    0xff, 0xff, 0xc0, 0x7f, 0xff, 0xff, 0xff, 0xff,
    0xf0, 0x1f, 0xff, 0xff, 0xff, 0xff, 0xfc, 0x0,
    0x0, 0xff, 0xfd, 0x0, 0x0, 0x0, 0x0, 0x3f,
    0xff, 0x40, 0x0, 0x0, 0x0, 0xf, 0xff, 0xd0,
    0x0, 0x0, 0x0, 0x3, 0xff, 0xf4, 0x0, 0x0,
    0x0, 0x0, 0xff, 0xfd, 0x0, 0x0, 0x0, 0x0,
    0x3f, 0xff, 0x40, 0x0, 0x0, 0x0, 0xf, 0xff,
    0xd0, 0x0, 0x0, 0x0, 0x3, 0xff, 0xf4, 0x0,
    0x0, 0x0, 0x0, 0xff, 0xfd, 0x0, 0x0, 0x0,
    0x0, 0x3f, 0xff, 0x40, 0x0, 0x0, 0x0, 0xf,
    0xff, 0xd0, 0x0, 0x0, 0x0, 0x3, 0xff, 0xf4,
    0x0, 0x0, 0x0, 0x0, 0xff, 0xfd, 0x0, 0x0,
    0x0, 0x0, 0x3f, 0xff, 0x40, 0x0, 0x0, 0x0,
    0xf, 0xff, 0xd0, 0x0, 0x0, 0x0, 0x3, 0xff,
    0xf4, 0x0, 0x0, 0x0, 0x0, 0xff, 0xfd, 0x0,
    0x0, 0x0, 0x0, 0x3f, 0xff, 0x80, 0x0, 0x0,
    0x0, 0xf, 0xff, 0xf0, 0x0, 0x0, 0x0, 0x2,
    0xff, 0xfe, 0x0, 0x4, 0x0, 0x0, 0x7f, 0xff,
    0xf5, 0x5f, 0x80, 0x0, 0xf, 0xff, 0xff, 0xff,
    0xf0, 0x0, 0x2, 0xff, 0xff, 0xff, 0xfd, 0x0,
    0x0, 0x3f, 0xff, 0xff, 0xff, 0x80, 0x0, 0x2,
    0xff, 0xff, 0xff, 0xf0, 0x0, 0x0, 0x1f, 0xff,
    0xff, 0xf0, 0x0, 0x0, 0x0, 0x6f, 0xff, 0x80,
    0x0,

    /* U+0075 "u" */
    0x7f, 0xff, 0x0, 0x0, 0x0, 0x0, 0xbf, 0xff,
    0x7f, 0xff, 0x0, 0x0, 0x0, 0x0, 0xbf, 0xff,
    0x7f, 0xff, 0x0, 0x0, 0x0, 0x0, 0xbf, 0xff,
    0x7f, 0xff, 0x0, 0x0, 0x0, 0x0, 0xbf, 0xff,
    0x7f, 0xff, 0x0, 0x0, 0x0, 0x0, 0xbf, 0xff,
    0x7f, 0xff, 0x0, 0x0, 0x0, 0x0, 0xbf, 0xff,
    0x7f, 0xff, 0x0, 0x0, 0x0, 0x0, 0xbf, 0xff,
    0x7f, 0xff, 0x0, 0x0, 0x0, 0x0, 0xbf, 0xff,
    0x7f, 0xff, 0x0, 0x0, 0x0, 0x0, 0xbf, 0xff,
    0x7f, 0xff, 0x0, 0x0, 0x0, 0x0, 0xbf, 0xff,
    0x7f, 0xff, 0x0, 0x0, 0x0, 0x0, 0xbf, 0xff,
    0x7f, 0xff, 0x0, 0x0, 0x0, 0x0, 0xbf, 0xff,
    0x7f, 0xff, 0x0, 0x0, 0x0, 0x0, 0xbf, 0xff,
    0x7f, 0xff, 0x0, 0x0, 0x0, 0x0, 0xbf, 0xff,
    0x7f, 0xff, 0x0, 0x0, 0x0, 0x0, 0xbf, 0xff,
    0x7f, 0xff, 0x0, 0x0, 0x0, 0x0, 0xbf, 0xff,
    0x7f, 0xff, 0x0, 0x0, 0x0, 0x0, 0xbf, 0xff,
    0x7f, 0xff, 0x0, 0x0, 0x0, 0x0, 0xbf, 0xff,
    0x7f, 0xff, 0x0, 0x0, 0x0, 0x0, 0xbf, 0xff,
    0x7f, 0xff, 0x40, 0x0, 0x0, 0x0, 0xff, 0xff,
    0x3f, 0xff, 0x40, 0x0, 0x0, 0x0, 0xff, 0xff,
    0x3f, 0xff, 0x80, 0x0, 0x0, 0x2, 0xff, 0xff,
    0x3f, 0xff, 0xc0, 0x0, 0x0, 0x3, 0xff, 0xff,
    0x2f, 0xff, 0xe0, 0x0, 0x0, 0xb, 0xff, 0xff,
    0x1f, 0xff, 0xf8, 0x0, 0x0, 0x2f, 0xff, 0xff,
    0xf, 0xff, 0xff, 0x40, 0x1, 0xff, 0xff, 0xff,
    0xb, 0xff, 0xff, 0xfe, 0xff, 0xff, 0xff, 0xff,
    0x3, 0xff, 0xff, 0xff, 0xff, 0xff, 0xff, 0xff,
    0x1, 0xff, 0xff, 0xff, 0xff, 0xff, 0xff, 0xff,
    0x0, 0x7f, 0xff, 0xff, 0xff, 0xfe, 0x7f, 0xff,
    0x0, 0xf, 0xff, 0xff, 0xff, 0xf8, 0x3f, 0xff,
    0x0, 0x1, 0xff, 0xff, 0xff, 0x80, 0x3f, 0xff,
    0x0, 0x0, 0x1b, 0xff, 0xe4, 0x0, 0x3f, 0xff,

    /* U+0076 "v" */
    0x3f, 0xff, 0x80, 0x0, 0x0, 0x0, 0x0, 0x7f,
    0xfe, 0x2f, 0xff, 0xc0, 0x0, 0x0, 0x0, 0x0,
    0xff, 0xfd, 0x1f, 0xff, 0xe0, 0x0, 0x0, 0x0,
    0x1, 0xff, 0xfc, 0xf, 0xff, 0xf0, 0x0, 0x0,
    0x0, 0x3, 0xff, 0xf4, 0x7, 0xff, 0xf4, 0x0,
    0x0, 0x0, 0x3, 0xff, 0xf0, 0x3, 0xff, 0xf8,
    0x0, 0x0, 0x0, 0xb, 0xff, 0xe0, 0x2, 0xff,
    0xfc, 0x0, 0x0, 0x0, 0xf, 0xff, 0xc0, 0x0,
    0xff, 0xfe, 0x0, 0x0, 0x0, 0x1f, 0xff, 0xc0,
    0x0, 0xff, 0xff, 0x0, 0x0, 0x0, 0x3f, 0xff,
    0x40, 0x0, 0x7f, 0xff, 0x40, 0x0, 0x0, 0x7f,
    0xff, 0x0, 0x0, 0x3f, 0xff, 0xc0, 0x0, 0x0,
    0xbf, 0xfe, 0x0, 0x0, 0x2f, 0xff, 0xc0, 0x0,
    0x0, 0xff, 0xfc, 0x0, 0x0, 0xf, 0xff, 0xe0,
    0x0, 0x2, 0xff, 0xf8, 0x0, 0x0, 0xb, 0xff,
    0xf0, 0x0, 0x3, 0xff, 0xf4, 0x0, 0x0, 0x7,
    0xff, 0xf4, 0x0, 0x7, 0xff, 0xf0, 0x0, 0x0,
    0x3, 0xff, 0xfc, 0x0, 0xf, 0xff, 0xd0, 0x0,
    0x0, 0x1, 0xff, 0xfc, 0x0, 0xf, 0xff, 0xc0,
    0x0, 0x0, 0x0, 0xff, 0xfe, 0x0, 0x2f, 0xff,
    0x80, 0x0, 0x0, 0x0, 0xbf, 0xff, 0x0, 0x3f,
    0xff, 0x0, 0x0, 0x0, 0x0, 0x3f, 0xff, 0x40,
    0x7f, 0xff, 0x0, 0x0, 0x0, 0x0, 0x3f, 0xff,
    0xc0, 0xff, 0xfd, 0x0, 0x0, 0x0, 0x0, 0x1f,
    0xff, 0xc1, 0xff, 0xfc, 0x0, 0x0, 0x0, 0x0,
    0xf, 0xff, 0xe2, 0xff, 0xf8, 0x0, 0x0, 0x0,
    0x0, 0xb, 0xff, 0xf3, 0xff, 0xf0, 0x0, 0x0,
    0x0, 0x0, 0x3, 0xff, 0xff, 0xff, 0xe0, 0x0,
    0x0, 0x0, 0x0, 0x2, 0xff, 0xff, 0xff, 0xd0,
    0x0, 0x0, 0x0, 0x0, 0x1, 0xff, 0xff, 0xff,
    0xc0, 0x0, 0x0, 0x0, 0x0, 0x0, 0xff, 0xff,
    0xff, 0x40, 0x0, 0x0, 0x0, 0x0, 0x0, 0x7f,
    0xff, 0xff, 0x0, 0x0, 0x0, 0x0, 0x0, 0x0,
    0x3f, 0xff, 0xfe, 0x0, 0x0, 0x0, 0x0, 0x0,
    0x0, 0x2f, 0xff, 0xfc, 0x0, 0x0, 0x0, 0x0,
    0x0, 0x0, 0xf, 0xff, 0xfc, 0x0, 0x0, 0x0,
    0x0, 0x0, 0x0, 0xf, 0xff, 0xf4, 0x0, 0x0,
    0x0,

    /* U+0077 "w" */
    0xbf, 0xfd, 0x0, 0x0, 0x0, 0x0, 0xbf, 0xfc,
    0x0, 0x0, 0x0, 0x0, 0xff, 0xf8, 0xff, 0xfc,
    0x0, 0x0, 0x0, 0x3, 0xff, 0xf4, 0x0, 0x0,
    0x0, 0x7, 0xff, 0xd3, 0xff, 0xf0, 0x0, 0x0,
    0x0, 0x1f, 0xff, 0xf0, 0x0, 0x0, 0x0, 0x2f,
    0xff, 0xb, 0xff, 0xe0, 0x0, 0x0, 0x0, 0xbf,
    0xff, 0xc0, 0x0, 0x0, 0x0, 0xff, 0xf8, 0xf,
    0xff, 0xc0, 0x0, 0x0, 0x3, 0xff, 0xff, 0x40,
    0x0, 0x0, 0x7, 0xff, 0xd0, 0x3f, 0xff, 0x0,
    0x0, 0x0, 0x1f, 0xff, 0xff, 0x0, 0x0, 0x0,
    0x2f, 0xff, 0x0, 0x7f, 0xfe, 0x0, 0x0, 0x0,
    0xff, 0xff, 0xfc, 0x0, 0x0, 0x0, 0xff, 0xf8,
    0x0, 0xff, 0xfc, 0x0, 0x0, 0x3, 0xff, 0xff,
    0xf8, 0x0, 0x0, 0x7, 0xff, 0xc0, 0x2, 0xff,
    0xf4, 0x0, 0x0, 0x1f, 0xff, 0xff, 0xf0, 0x0,
    0x0, 0x3f, 0xff, 0x0, 0x7, 0xff, 0xe0, 0x0,
    0x0, 0xff, 0xff, 0xff, 0xd0, 0x0, 0x0, 0xff,
    0xf8, 0x0, 0xf, 0xff, 0xc0, 0x0, 0x3, 0xff,
    0xff, 0xff, 0x80, 0x0, 0xb, 0xff, 0xc0, 0x0,
    0x2f, 0xff, 0x40, 0x0, 0x2f, 0xff, 0x3f, 0xff,
    0x0, 0x0, 0x3f, 0xff, 0x0, 0x0, 0x7f, 0xfe,
    0x0, 0x0, 0xff, 0xf8, 0xbf, 0xfd, 0x0, 0x0,
    0xff, 0xf4, 0x0, 0x0, 0xff, 0xfc, 0x0, 0x7,
    0xff, 0xd0, 0xff, 0xf8, 0x0, 0xb, 0xff, 0xc0,
    0x0, 0x2, 0xff, 0xf4, 0x0, 0x2f, 0xff, 0x3,
    0xff, 0xf0, 0x0, 0x3f, 0xfe, 0x0, 0x0, 0x3,
    0xff, 0xe0, 0x0, 0xff, 0xf8, 0x7, 0xff, 0xd0,
    0x1, 0xff, 0xf4, 0x0, 0x0, 0xf, 0xff, 0xc0,
    0x7, 0xff, 0xd0, 0xf, 0xff, 0x80, 0xb, 0xff,
    0xc0, 0x0, 0x0, 0x2f, 0xff, 0x40, 0x2f, 0xff,
    0x0, 0x3f, 0xff, 0x0, 0x3f, 0xfe, 0x0, 0x0,
    0x0, 0x3f, 0xfe, 0x0, 0xff, 0xf8, 0x0, 0x7f,
    0xfd, 0x1, 0xff, 0xf4, 0x0, 0x0, 0x0, 0xff,
    0xfc, 0x7, 0xff, 0xc0, 0x0, 0xff, 0xfc, 0xb,
    0xff, 0xc0, 0x0, 0x0, 0x1, 0xff, 0xf4, 0x3f,
    0xff, 0x0, 0x2, 0xff, 0xf0, 0x3f, 0xfe, 0x0,
    0x0, 0x0, 0x3, 0xff, 0xf0, 0xff, 0xf4, 0x0,
    0x7, 0xff, 0xe1, 0xff, 0xf0, 0x0, 0x0, 0x0,
    0xb, 0xff, 0xcb, 0xff, 0xc0, 0x0, 0xf, 0xff,
    0xcf, 0xff, 0xc0, 0x0, 0x0, 0x0, 0x1f, 0xff,
    0x7f, 0xfe, 0x0, 0x0, 0x2f, 0xff, 0x7f, 0xfd,
    0x0, 0x0, 0x0, 0x0, 0x3f, 0xff, 0xff, 0xf4,
    0x0, 0x0, 0x3f, 0xff, 0xff, 0xf0, 0x0, 0x0,
    0x0, 0x0, 0xbf, 0xff, 0xff, 0xc0, 0x0, 0x0,
    0xff, 0xff, 0xff, 0xc0, 0x0, 0x0, 0x0, 0x1,
    0xff, 0xff, 0xfe, 0x0, 0x0, 0x1, 0xff, 0xff,
    0xfd, 0x0, 0x0, 0x0, 0x0, 0x3, 0xff, 0xff,
    0xf0, 0x0, 0x0, 0x3, 0xff, 0xff, 0xf0, 0x0,
    0x0, 0x0, 0x0, 0xb, 0xff, 0xff, 0xc0, 0x0,
    0x0, 0xf, 0xff, 0xff, 0x80, 0x0, 0x0, 0x0,
    0x0, 0x1f, 0xff, 0xfd, 0x0, 0x0, 0x0, 0x1f,
    0xff, 0xfd, 0x0, 0x0, 0x0, 0x0, 0x0, 0x3f,
    0xff, 0xf0, 0x0, 0x0, 0x0, 0x3f, 0xff, 0xf0,
    0x0, 0x0, 0x0, 0x0, 0x0, 0xbf, 0xff, 0xc0,
    0x0, 0x0, 0x0, 0xbf, 0xff, 0x80, 0x0, 0x0,
    0x0, 0x0, 0x0, 0xff, 0xfd, 0x0, 0x0, 0x0,
    0x1, 0xff, 0xfd, 0x0, 0x0, 0x0,

    /* U+0078 "x" */
    0x2f, 0xff, 0xf0, 0x0, 0x0, 0x0, 0x3f, 0xff,
    0xc0, 0xff, 0xff, 0x80, 0x0, 0x0, 0xf, 0xff,
    0xf0, 0x3, 0xff, 0xfc, 0x0, 0x0, 0x2, 0xff,
    0xfd, 0x0, 0x1f, 0xff, 0xf0, 0x0, 0x0, 0x7f,
    0xff, 0x80, 0x0, 0xbf, 0xff, 0x80, 0x0, 0xf,
    0xff, 0xf0, 0x0, 0x3, 0xff, 0xfd, 0x0, 0x3,
    0xff, 0xfc, 0x0, 0x0, 0xf, 0xff, 0xf0, 0x0,
    0xbf, 0xff, 0x40, 0x0, 0x0, 0x7f, 0xff, 0xc0,
    0x1f, 0xff, 0xe0, 0x0, 0x0, 0x2, 0xff, 0xfe,
    0x3, 0xff, 0xfc, 0x0, 0x0, 0x0, 0xf, 0xff,
    0xf4, 0xff, 0xff, 0x0, 0x0, 0x0, 0x0, 0x3f,
    0xff, 0xef, 0xff, 0xd0, 0x0, 0x0, 0x0, 0x1,
    0xff, 0xff, 0xff, 0xf8, 0x0, 0x0, 0x0, 0x0,
    0xb, 0xff, 0xff, 0xff, 0x0, 0x0, 0x0, 0x0,
    0x0, 0x3f, 0xff, 0xff, 0xc0, 0x0, 0x0, 0x0,
    0x0, 0x0, 0xff, 0xff, 0xf4, 0x0, 0x0, 0x0,
    0x0, 0x0, 0x7, 0xff, 0xfe, 0x0, 0x0, 0x0,
    0x0, 0x0, 0x0, 0x3f, 0xff, 0xe0, 0x0, 0x0,
    0x0, 0x0, 0x0, 0xf, 0xff, 0xff, 0x40, 0x0,
    0x0, 0x0, 0x0, 0x2, 0xff, 0xff, 0xfc, 0x0,
    0x0, 0x0, 0x0, 0x0, 0x7f, 0xff, 0xff, 0xe0,
    0x0, 0x0, 0x0, 0x0, 0xf, 0xff, 0xff, 0xff,
    0x40, 0x0, 0x0, 0x0, 0x3, 0xff, 0xff, 0xff,
    0xfc, 0x0, 0x0, 0x0, 0x0, 0xbf, 0xff, 0x8f,
    0xff, 0xf0, 0x0, 0x0, 0x0, 0x1f, 0xff, 0xf0,
    0xbf, 0xff, 0x80, 0x0, 0x0, 0x3, 0xff, 0xfc,
    0x3, 0xff, 0xfd, 0x0, 0x0, 0x0, 0xff, 0xff,
    0x40, 0xf, 0xff, 0xf0, 0x0, 0x0, 0x2f, 0xff,
    0xe0, 0x0, 0x7f, 0xff, 0xc0, 0x0, 0x7, 0xff,
    0xfc, 0x0, 0x2, 0xff, 0xfe, 0x0, 0x0, 0xff,
    0xff, 0x0, 0x0, 0xf, 0xff, 0xf4, 0x0, 0x3f,
    0xff, 0xd0, 0x0, 0x0, 0x3f, 0xff, 0xc0, 0xb,
    0xff, 0xf8, 0x0, 0x0, 0x1, 0xff, 0xff, 0x1,
    0xff, 0xff, 0x0, 0x0, 0x0, 0xf, 0xff, 0xf8,
    0x3f, 0xff, 0xc0, 0x0, 0x0, 0x0, 0x3f, 0xff,
    0xd0,

    /* U+0079 "y" */
    0xf, 0xff, 0xe0, 0x0, 0x0, 0x0, 0x0, 0x1f,
    0xff, 0x82, 0xff, 0xfc, 0x0, 0x0, 0x0, 0x0,
    0xf, 0xff, 0xd0, 0x3f, 0xff, 0x80, 0x0, 0x0,
    0x0, 0x7, 0xff, 0xf0, 0xf, 0xff, 0xf0, 0x0,
    0x0, 0x0, 0x2, 0xff, 0xf4, 0x1, 0xff, 0xfd,
    0x0, 0x0, 0x0, 0x0, 0xff, 0xfc, 0x0, 0x3f,
    0xff, 0xc0, 0x0, 0x0, 0x0, 0xbf, 0xfe, 0x0,
    0xb, 0xff, 0xf0, 0x0, 0x0, 0x0, 0x3f, 0xff,
    0x0, 0x0, 0xff, 0xfe, 0x0, 0x0, 0x0, 0x1f,
    0xff, 0x80, 0x0, 0x2f, 0xff, 0xc0, 0x0, 0x0,
    0xf, 0xff, 0xd0, 0x0, 0x3, 0xff, 0xf4, 0x0,
    0x0, 0x7, 0xff, 0xf0, 0x0, 0x0, 0xff, 0xff,
    0x0, 0x0, 0x2, 0xff, 0xf4, 0x0, 0x0, 0x1f,
    0xff, 0xd0, 0x0, 0x0, 0xff, 0xfc, 0x0, 0x0,
    0x3, 0xff, 0xf8, 0x0, 0x0, 0xbf, 0xfe, 0x0,
    0x0, 0x0, 0xbf, 0xff, 0x0, 0x0, 0x3f, 0xff,
    0x0, 0x0, 0x0, 0xf, 0xff, 0xe0, 0x0, 0x1f,
    0xff, 0xc0, 0x0, 0x0, 0x2, 0xff, 0xfc, 0x0,
    0xf, 0xff, 0xd0, 0x0, 0x0, 0x0, 0x7f, 0xff,
    0x40, 0x3, 0xff, 0xf0, 0x0, 0x0, 0x0, 0xf,
    0xff, 0xf0, 0x2, 0xff, 0xf4, 0x0, 0x0, 0x0,
    0x1, 0xff, 0xfc, 0x0, 0xff, 0xfc, 0x0, 0x0,
    0x0, 0x0, 0x3f, 0xff, 0x80, 0x7f, 0xfe, 0x0,
    0x0, 0x0, 0x0, 0xb, 0xff, 0xf0, 0x3f, 0xff,
    0x0, 0x0, 0x0, 0x0, 0x0, 0xff, 0xfd, 0x1f,
    0xff, 0xc0, 0x0, 0x0, 0x0, 0x0, 0x2f, 0xff,
    0xcb, 0xff, 0xd0, 0x0, 0x0, 0x0, 0x0, 0x7,
    0xff, 0xf7, 0xff, 0xf0, 0x0, 0x0, 0x0, 0x0,
    0x0, 0xff, 0xff, 0xff, 0xf8, 0x0, 0x0, 0x0,
    0x0, 0x0, 0x1f, 0xff, 0xff, 0xfc, 0x0, 0x0,
    0x0, 0x0, 0x0, 0x3, 0xff, 0xff, 0xfe, 0x0,
    0x0, 0x0, 0x0, 0x0, 0x0, 0xbf, 0xff, 0xff,
    0x0, 0x0, 0x0, 0x0, 0x0, 0x0, 0xf, 0xff,
    0xff, 0xc0, 0x0, 0x0, 0x0, 0x0, 0x0, 0x2,
    0xff, 0xff, 0xd0, 0x0, 0x0, 0x0, 0x0, 0x0,
    0x0, 0x7f, 0xff, 0xf0, 0x0, 0x0, 0x0, 0x0,
    0x0, 0x0, 0xf, 0xff, 0xf8, 0x0, 0x0, 0x0,
    0x0, 0x0, 0x0, 0x1, 0xff, 0xfc, 0x0, 0x0,
    0x0, 0x0, 0x0, 0x0, 0x0, 0xbf, 0xfe, 0x0,
    0x0, 0x0, 0x0, 0x0, 0x0, 0x0, 0x3f, 0xff,
    0x40, 0x0, 0x0, 0x0, 0x0, 0x0, 0x0, 0x2f,
    0xff, 0xc0, 0x0, 0x0, 0x0, 0x0, 0x0, 0x0,
    0xf, 0xff, 0xd0, 0x0, 0x0, 0x0, 0x0, 0xb4,
    0x0, 0xf, 0xff, 0xf0, 0x0, 0x0, 0x0, 0x0,
    0x3f, 0xe5, 0x6f, 0xff, 0xf4, 0x0, 0x0, 0x0,
    0x0, 0x2f, 0xff, 0xff, 0xff, 0xfc, 0x0, 0x0,
    0x0, 0x0, 0xf, 0xff, 0xff, 0xff, 0xfc, 0x0,
    0x0, 0x0, 0x0, 0xb, 0xff, 0xff, 0xff, 0xfd,
    0x0, 0x0, 0x0, 0x0, 0x1, 0xff, 0xff, 0xff,
    0xfc, 0x0, 0x0, 0x0, 0x0, 0x0, 0xb, 0xff,
    0xff, 0xf8, 0x0, 0x0, 0x0, 0x0, 0x0, 0x0,
    0x1b, 0xff, 0x90, 0x0, 0x0, 0x0, 0x0, 0x0,
    0x0,

    /* U+007A "z" */
    0x7f, 0xff, 0xff, 0xff, 0xff, 0xff, 0xfd, 0x7f,
    0xff, 0xff, 0xff, 0xff, 0xff, 0xfd, 0x7f, 0xff,
    0xff, 0xff, 0xff, 0xff, 0xfd, 0x7f, 0xff, 0xff,
    0xff, 0xff, 0xff, 0xfd, 0x7f, 0xff, 0xff, 0xff,
    0xff, 0xff, 0xfd, 0x7f, 0xff, 0xff, 0xff, 0xff,
    0xff, 0xfc, 0x0, 0x0, 0x0, 0x0, 0x1f, 0xff,
    0xf0, 0x0, 0x0, 0x0, 0x0, 0x3f, 0xff, 0xd0,
    0x0, 0x0, 0x0, 0x0, 0xff, 0xff, 0x80, 0x0,
    0x0, 0x0, 0x3, 0xff, 0xfe, 0x0, 0x0, 0x0,
    0x0, 0xb, 0xff, 0xfc, 0x0, 0x0, 0x0, 0x0,
    0x1f, 0xff, 0xf0, 0x0, 0x0, 0x0, 0x0, 0x3f,
    0xff, 0xd0, 0x0, 0x0, 0x0, 0x0, 0xff, 0xff,
    0x40, 0x0, 0x0, 0x0, 0x3, 0xff, 0xfe, 0x0,
    0x0, 0x0, 0x0, 0xb, 0xff, 0xfc, 0x0, 0x0,
    0x0, 0x0, 0x1f, 0xff, 0xf0, 0x0, 0x0, 0x0,
    0x0, 0x3f, 0xff, 0xd0, 0x0, 0x0, 0x0, 0x0,
    0xff, 0xff, 0x40, 0x0, 0x0, 0x0, 0x3, 0xff,
    0xfe, 0x0, 0x0, 0x0, 0x0, 0xb, 0xff, 0xfc,
    0x0, 0x0, 0x0, 0x0, 0x1f, 0xff, 0xf0, 0x0,
    0x0, 0x0, 0x0, 0x3f, 0xff, 0xd0, 0x0, 0x0,
    0x0, 0x0, 0xff, 0xff, 0x40, 0x0, 0x0, 0x0,
    0x3, 0xff, 0xfe, 0x0, 0x0, 0x0, 0x0, 0xb,
    0xff, 0xfc, 0x0, 0x0, 0x0, 0x0, 0x1f, 0xff,
    0xf4, 0x0, 0x0, 0x0, 0x0, 0x3f, 0xff, 0xff,
    0xff, 0xff, 0xff, 0xff, 0xbf, 0xff, 0xff, 0xff,
    0xff, 0xff, 0xff, 0xbf, 0xff, 0xff, 0xff, 0xff,
    0xff, 0xff, 0xbf, 0xff, 0xff, 0xff, 0xff, 0xff,
    0xff, 0xbf, 0xff, 0xff, 0xff, 0xff, 0xff, 0xff,
    0xbf, 0xff, 0xff, 0xff, 0xff, 0xff, 0xff,

    /* U+007B "{" */
    0x0, 0x0, 0x0, 0x0, 0x0, 0x0, 0x0, 0x1b,
    0xff, 0xc0, 0x0, 0x7, 0xff, 0xff, 0x0, 0x0,
    0x7f, 0xff, 0xfc, 0x0, 0x7, 0xff, 0xff, 0xf0,
    0x0, 0x3f, 0xff, 0xff, 0xc0, 0x1, 0xff, 0xff,
    0xff, 0x0, 0xb, 0xff, 0xfe, 0x0, 0x0, 0x3f,
    0xff, 0xd0, 0x0, 0x0, 0xff, 0xff, 0x0, 0x0,
    0x3, 0xff, 0xf8, 0x0, 0x0, 0xf, 0xff, 0xd0,
    0x0, 0x0, 0x3f, 0xff, 0x40, 0x0, 0x0, 0xff,
    0xfd, 0x0, 0x0, 0x3, 0xff, 0xf4, 0x0, 0x0,
    0xf, 0xff, 0xd0, 0x0, 0x0, 0x3f, 0xff, 0x40,
    0x0, 0x0, 0xff, 0xfd, 0x0, 0x0, 0x3, 0xff,
    0xf4, 0x0, 0x0, 0xf, 0xff, 0xd0, 0x0, 0x0,
    0x3f, 0xff, 0x40, 0x0, 0x0, 0xff, 0xfd, 0x0,
    0x0, 0x3, 0xff, 0xf4, 0x0, 0x0, 0xf, 0xff,
    0xd0, 0x0, 0x0, 0x7f, 0xff, 0x40, 0x0, 0x7,
    0xff, 0xfc, 0x0, 0xb, 0xff, 0xff, 0xf0, 0x0,
    0x2f, 0xff, 0xff, 0x40, 0x0, 0xbf, 0xff, 0xf4,
    0x0, 0x2, 0xff, 0xff, 0x80, 0x0, 0xb, 0xff,
    0xff, 0xc0, 0x0, 0x2f, 0xff, 0xff, 0xc0, 0x0,
    0x6, 0xff, 0xff, 0x0, 0x0, 0x1, 0xff, 0xfd,
    0x0, 0x0, 0x3, 0xff, 0xf4, 0x0, 0x0, 0xf,
    0xff, 0xd0, 0x0, 0x0, 0x3f, 0xff, 0x40, 0x0,
    0x0, 0xff, 0xfd, 0x0, 0x0, 0x3, 0xff, 0xf4,
    0x0, 0x0, 0xf, 0xff, 0xd0, 0x0, 0x0, 0x3f,
    0xff, 0x40, 0x0, 0x0, 0xff, 0xfd, 0x0, 0x0,
    0x3, 0xff, 0xf4, 0x0, 0x0, 0xf, 0xff, 0xd0,
    0x0, 0x0, 0x3f, 0xff, 0x40, 0x0, 0x0, 0xff,
    0xfd, 0x0, 0x0, 0x3, 0xff, 0xf4, 0x0, 0x0,
    0xf, 0xff, 0xe0, 0x0, 0x0, 0x3f, 0xff, 0x80,
    0x0, 0x0, 0xff, 0xff, 0x0, 0x0, 0x3, 0xff,
    0xfe, 0x0, 0x0, 0xb, 0xff, 0xfe, 0x40, 0x0,
    0x1f, 0xff, 0xff, 0xf0, 0x0, 0x3f, 0xff, 0xff,
    0xc0, 0x0, 0x3f, 0xff, 0xff, 0x0, 0x0, 0x7f,
    0xff, 0xfc, 0x0, 0x0, 0x3f, 0xff, 0xf0, 0x0,
    0x0, 0xb, 0xff, 0xc0,

    /* U+007C "|" */
    0x0, 0x0, 0x7f, 0xfe, 0x7f, 0xfe, 0x7f, 0xfe,
    0x7f, 0xfe, 0x7f, 0xfe, 0x7f, 0xfe, 0x7f, 0xfe,
    0x7f, 0xfe, 0x7f, 0xfe, 0x7f, 0xfe, 0x7f, 0xfe,
    0x7f, 0xfe, 0x7f, 0xfe, 0x7f, 0xfe, 0x7f, 0xfe,
    0x7f, 0xfe, 0x7f, 0xfe, 0x7f, 0xfe, 0x7f, 0xfe,
    0x7f, 0xfe, 0x7f, 0xfe, 0x7f, 0xfe, 0x7f, 0xfe,
    0x7f, 0xfe, 0x7f, 0xfe, 0x7f, 0xfe, 0x7f, 0xfe,
    0x7f, 0xfe, 0x7f, 0xfe, 0x7f, 0xfe, 0x7f, 0xfe,
    0x7f, 0xfe, 0x7f, 0xfe, 0x7f, 0xfe, 0x7f, 0xfe,
    0x7f, 0xfe, 0x7f, 0xfe, 0x7f, 0xfe, 0x7f, 0xfe,
    0x7f, 0xfe, 0x7f, 0xfe, 0x7f, 0xfe, 0x7f, 0xfe,
    0x7f, 0xfe, 0x7f, 0xfe, 0x7f, 0xfe, 0x7f, 0xfe,
    0x7f, 0xfe, 0x7f, 0xfe, 0x7f, 0xfe, 0x7f, 0xfe,
    0x7f, 0xfe, 0x7f, 0xfe, 0x7f, 0xfe, 0x7f, 0xfe,
    0x7f, 0xfe, 0x7f, 0xfe,

    /* U+007D "}" */
    0x0, 0x0, 0x0, 0x0, 0xf, 0xff, 0x90, 0x0,
    0x0, 0xff, 0xff, 0xd0, 0x0, 0xf, 0xff, 0xff,
    0x80, 0x0, 0xff, 0xff, 0xfe, 0x0, 0xf, 0xff,
    0xff, 0xf0, 0x0, 0xff, 0xff, 0xff, 0x80, 0x0,
    0x1f, 0xff, 0xfc, 0x0, 0x0, 0x3f, 0xff, 0xc0,
    0x0, 0x2, 0xff, 0xfc, 0x0, 0x0, 0x1f, 0xff,
    0xd0, 0x0, 0x0, 0xff, 0xfd, 0x0, 0x0, 0xf,
    0xff, 0xd0, 0x0, 0x0, 0xff, 0xfd, 0x0, 0x0,
    0xf, 0xff, 0xd0, 0x0, 0x0, 0xff, 0xfd, 0x0,
    0x0, 0xf, 0xff, 0xd0, 0x0, 0x0, 0xff, 0xfd,
    0x0, 0x0, 0xf, 0xff, 0xd0, 0x0, 0x0, 0xff,
    0xfd, 0x0, 0x0, 0xf, 0xff, 0xd0, 0x0, 0x0,
    0xff, 0xfd, 0x0, 0x0, 0xf, 0xff, 0xd0, 0x0,
    0x0, 0xff, 0xfd, 0x0, 0x0, 0xf, 0xff, 0xe0,
    0x0, 0x0, 0xff, 0xff, 0x40, 0x0, 0xb, 0xff,
    0xff, 0xf0, 0x0, 0x3f, 0xff, 0xff, 0x0, 0x0,
    0xbf, 0xff, 0xf0, 0x0, 0x7, 0xff, 0xff, 0x0,
    0x2, 0xff, 0xff, 0xf0, 0x0, 0xbf, 0xff, 0xff,
    0x0, 0xf, 0xff, 0xf9, 0x0, 0x0, 0xff, 0xfe,
    0x0, 0x0, 0xf, 0xff, 0xd0, 0x0, 0x0, 0xff,
    0xfd, 0x0, 0x0, 0xf, 0xff, 0xd0, 0x0, 0x0,
    0xff, 0xfd, 0x0, 0x0, 0xf, 0xff, 0xd0, 0x0,
    0x0, 0xff, 0xfd, 0x0, 0x0, 0xf, 0xff, 0xd0,
    0x0, 0x0, 0xff, 0xfd, 0x0, 0x0, 0xf, 0xff,
    0xd0, 0x0, 0x0, 0xff, 0xfd, 0x0, 0x0, 0xf,
    0xff, 0xd0, 0x0, 0x0, 0xff, 0xfd, 0x0, 0x0,
    0xf, 0xff, 0xd0, 0x0, 0x0, 0xff, 0xfd, 0x0,
    0x0, 0x1f, 0xff, 0xc0, 0x0, 0x2, 0xff, 0xfc,
    0x0, 0x0, 0x7f, 0xff, 0xc0, 0x0, 0x2f, 0xff,
    0xfc, 0x0, 0xff, 0xff, 0xff, 0x80, 0xf, 0xff,
    0xff, 0xf0, 0x0, 0xff, 0xff, 0xfd, 0x0, 0xf,
    0xff, 0xff, 0x80, 0x0, 0xff, 0xff, 0xd0, 0x0,
    0xf, 0xff, 0x90, 0x0, 0x0,

    /* U+007E "~" */
    0x0, 0x1b, 0xfe, 0x0, 0x0, 0x0, 0x6a, 0x80,
    0xf, 0xff, 0xfe, 0x0, 0x0, 0xf, 0xfc, 0x3,
    0xff, 0xff, 0xfd, 0x0, 0x0, 0xff, 0xc0, 0xff,
    0xff, 0xff, 0xf8, 0x0, 0x1f, 0xfc, 0x2f, 0xff,
    0xff, 0xff, 0xf0, 0x7, 0xff, 0x83, 0xff, 0xff,
    0xff, 0xff, 0xfb, 0xff, 0xf4, 0x3f, 0xf8, 0x2,
    0xff, 0xff, 0xff, 0xff, 0x7, 0xff, 0x0, 0x7,
    0xff, 0xff, 0xff, 0xd0, 0xbf, 0xd0, 0x0, 0xb,
    0xff, 0xff, 0xf8, 0xb, 0xfc, 0x0, 0x0, 0x1f,
    0xff, 0xfd, 0x0, 0x6a, 0x80, 0x0, 0x0, 0x1b,
    0xfe, 0x0, 0x0
};


/*---------------------
 *  GLYPH DESCRIPTION
 *--------------------*/

static const lv_font_fmt_txt_glyph_dsc_t glyph_dsc[] = {
    {.bitmap_index = 0, .adv_w = 0, .box_w = 0, .box_h = 0, .ofs_x = 0, .ofs_y = 0} /* id = 0 reserved */,
    {.bitmap_index = 0, .adv_w = 265, .box_w = 0, .box_h = 0, .ofs_x = 0, .ofs_y = 0},
    {.bitmap_index = 0, .adv_w = 267, .box_w = 11, .box_h = 43, .ofs_x = 3, .ofs_y = 0},
    {.bitmap_index = 119, .adv_w = 396, .box_w = 19, .box_h = 17, .ofs_x = 3, .ofs_y = 26},
    {.bitmap_index = 200, .adv_w = 683, .box_w = 41, .box_h = 43, .ofs_x = 1, .ofs_y = 0},
    {.bitmap_index = 641, .adv_w = 604, .box_w = 34, .box_h = 58, .ofs_x = 2, .ofs_y = -7},
    {.bitmap_index = 1134, .adv_w = 826, .box_w = 49, .box_h = 44, .ofs_x = 1, .ofs_y = 0},
    {.bitmap_index = 1673, .adv_w = 678, .box_w = 40, .box_h = 45, .ofs_x = 2, .ofs_y = -1},
    {.bitmap_index = 2123, .adv_w = 211, .box_w = 7, .box_h = 17, .ofs_x = 3, .ofs_y = 26},
    {.bitmap_index = 2153, .adv_w = 333, .box_w = 15, .box_h = 58, .ofs_x = 5, .ofs_y = -12},
    {.bitmap_index = 2371, .adv_w = 334, .box_w = 15, .box_h = 58, .ofs_x = 1, .ofs_y = -12},
    {.bitmap_index = 2589, .adv_w = 399, .box_w = 24, .box_h = 24, .ofs_x = 0, .ofs_y = 22},
    {.bitmap_index = 2733, .adv_w = 566, .box_w = 29, .box_h = 28, .ofs_x = 3, .ofs_y = 8},
    {.bitmap_index = 2936, .adv_w = 234, .box_w = 11, .box_h = 19, .ofs_x = 2, .ofs_y = -9},
    {.bitmap_index = 2989, .adv_w = 370, .box_w = 17, .box_h = 7, .ofs_x = 3, .ofs_y = 14},
    {.bitmap_index = 3019, .adv_w = 234, .box_w = 11, .box_h = 11, .ofs_x = 2, .ofs_y = 0},
    {.bitmap_index = 3050, .adv_w = 356, .box_w = 27, .box_h = 58, .ofs_x = -2, .ofs_y = -6},
    {.bitmap_index = 3442, .adv_w = 646, .box_w = 36, .box_h = 45, .ofs_x = 2, .ofs_y = -1},
    {.bitmap_index = 3847, .adv_w = 366, .box_w = 18, .box_h = 43, .ofs_x = 0, .ofs_y = 0},
    {.bitmap_index = 4041, .adv_w = 559, .box_w = 34, .box_h = 44, .ofs_x = 0, .ofs_y = 0},
    {.bitmap_index = 4415, .adv_w = 559, .box_w = 33, .box_h = 44, .ofs_x = 0, .ofs_y = -1},
    {.bitmap_index = 4778, .adv_w = 652, .box_w = 39, .box_h = 43, .ofs_x = 2, .ofs_y = 0},
    {.bitmap_index = 5198, .adv_w = 561, .box_w = 34, .box_h = 44, .ofs_x = 0, .ofs_y = -1},
    {.bitmap_index = 5572, .adv_w = 602, .box_w = 35, .box_h = 45, .ofs_x = 2, .ofs_y = -1},
    {.bitmap_index = 5966, .adv_w = 584, .box_w = 34, .box_h = 43, .ofs_x = 1, .ofs_y = 0},
    {.bitmap_index = 6332, .adv_w = 626, .box_w = 35, .box_h = 45, .ofs_x = 2, .ofs_y = -1},
    {.bitmap_index = 6726, .adv_w = 602, .box_w = 34, .box_h = 45, .ofs_x = 1, .ofs_y = -1},
    {.bitmap_index = 7109, .adv_w = 234, .box_w = 11, .box_h = 33, .ofs_x = 2, .ofs_y = 0},
    {.bitmap_index = 7200, .adv_w = 234, .box_w = 11, .box_h = 42, .ofs_x = 2, .ofs_y = -9},
    {.bitmap_index = 7316, .adv_w = 566, .box_w = 29, .box_h = 29, .ofs_x = 3, .ofs_y = 7},
    {.bitmap_index = 7527, .adv_w = 566, .box_w = 29, .box_h = 21, .ofs_x = 3, .ofs_y = 11},
    {.bitmap_index = 7680, .adv_w = 566, .box_w = 29, .box_h = 29, .ofs_x = 3, .ofs_y = 7},
    {.bitmap_index = 7891, .adv_w = 558, .box_w = 32, .box_h = 44, .ofs_x = 0, .ofs_y = 0},
    {.bitmap_index = 8243, .adv_w = 993, .box_w = 58, .box_h = 56, .ofs_x = 2, .ofs_y = -12},
    {.bitmap_index = 9055, .adv_w = 719, .box_w = 47, .box_h = 43, .ofs_x = -1, .ofs_y = 0},
    {.bitmap_index = 9561, .adv_w = 731, .box_w = 38, .box_h = 43, .ofs_x = 5, .ofs_y = 0},
    {.bitmap_index = 9970, .adv_w = 689, .box_w = 40, .box_h = 45, .ofs_x = 2, .ofs_y = -1},
    {.bitmap_index = 10420, .adv_w = 793, .box_w = 42, .box_h = 43, .ofs_x = 5, .ofs_y = 0},
    {.bitmap_index = 10872, .adv_w = 643, .box_w = 33, .box_h = 43, .ofs_x = 5, .ofs_y = 0},
    {.bitmap_index = 11227, .adv_w = 612, .box_w = 32, .box_h = 43, .ofs_x = 5, .ofs_y = 0},
    {.bitmap_index = 11571, .adv_w = 741, .box_w = 41, .box_h = 45, .ofs_x = 2, .ofs_y = -1},
    {.bitmap_index = 12033, .adv_w = 778, .box_w = 38, .box_h = 43, .ofs_x = 5, .ofs_y = 0},
    {.bitmap_index = 12442, .adv_w = 306, .box_w = 9, .box_h = 43, .ofs_x = 5, .ofs_y = 0},
    {.bitmap_index = 12539, .adv_w = 506, .box_w = 28, .box_h = 44, .ofs_x = -1, .ofs_y = -1},
    {.bitmap_index = 12847, .adv_w = 700, .box_w = 40, .box_h = 43, .ofs_x = 5, .ofs_y = 0},
    {.bitmap_index = 13277, .adv_w = 575, .box_w = 31, .box_h = 43, .ofs_x = 5, .ofs_y = 0},
    {.bitmap_index = 13611, .adv_w = 917, .box_w = 47, .box_h = 43, .ofs_x = 5, .ofs_y = 0},
    {.bitmap_index = 14117, .adv_w = 778, .box_w = 38, .box_h = 43, .ofs_x = 5, .ofs_y = 0},
    {.bitmap_index = 14526, .adv_w = 808, .box_w = 46, .box_h = 45, .ofs_x = 2, .ofs_y = -1},
    {.bitmap_index = 15044, .adv_w = 697, .box_w = 36, .box_h = 43, .ofs_x = 5, .ofs_y = 0},
    {.bitmap_index = 15431, .adv_w = 808, .box_w = 48, .box_h = 54, .ofs_x = 2, .ofs_y = -10},
    {.bitmap_index = 16079, .adv_w = 702, .box_w = 37, .box_h = 43, .ofs_x = 5, .ofs_y = 0},
    {.bitmap_index = 16477, .adv_w = 604, .box_w = 34, .box_h = 45, .ofs_x = 2, .ofs_y = -1},
    {.bitmap_index = 16860, .adv_w = 578, .box_w = 36, .box_h = 43, .ofs_x = 0, .ofs_y = 0},
    {.bitmap_index = 17247, .adv_w = 757, .box_w = 38, .box_h = 44, .ofs_x = 5, .ofs_y = -1},
    {.bitmap_index = 17665, .adv_w = 700, .box_w = 46, .box_h = 43, .ofs_x = -1, .ofs_y = 0},
    {.bitmap_index = 18160, .adv_w = 1098, .box_w = 67, .box_h = 43, .ofs_x = 1, .ofs_y = 0},
    {.bitmap_index = 18881, .adv_w = 665, .box_w = 42, .box_h = 43, .ofs_x = 0, .ofs_y = 0},
    {.bitmap_index = 19333, .adv_w = 635, .box_w = 42, .box_h = 43, .ofs_x = -1, .ofs_y = 0},
    {.bitmap_index = 19785, .adv_w = 636, .box_w = 37, .box_h = 43, .ofs_x = 2, .ofs_y = 0},
    {.bitmap_index = 20183, .adv_w = 336, .box_w = 15, .box_h = 58, .ofs_x = 5, .ofs_y = -12},
    {.bitmap_index = 20401, .adv_w = 356, .box_w = 28, .box_h = 58, .ofs_x = -3, .ofs_y = -6},
    {.bitmap_index = 20807, .adv_w = 336, .box_w = 15, .box_h = 58, .ofs_x = 1, .ofs_y = -12},
    {.bitmap_index = 21025, .adv_w = 567, .box_w = 29, .box_h = 26, .ofs_x = 3, .ofs_y = 9},
    {.bitmap_index = 21214, .adv_w = 480, .box_w = 30, .box_h = 5, .ofs_x = 0, .ofs_y = -5},
    {.bitmap_index = 21252, .adv_w = 576, .box_w = 18, .box_h = 9, .ofs_x = 6, .ofs_y = 37},
    {.bitmap_index = 21293, .adv_w = 583, .box_w = 30, .box_h = 33, .ofs_x = 2, .ofs_y = 0},
    {.bitmap_index = 21541, .adv_w = 659, .box_w = 35, .box_h = 46, .ofs_x = 4, .ofs_y = 0},
    {.bitmap_index = 21944, .adv_w = 558, .box_w = 32, .box_h = 33, .ofs_x = 2, .ofs_y = 0},
    {.bitmap_index = 22208, .adv_w = 660, .box_w = 35, .box_h = 46, .ofs_x = 2, .ofs_y = 0},
    {.bitmap_index = 22611, .adv_w = 597, .box_w = 34, .box_h = 33, .ofs_x = 2, .ofs_y = 0},
    {.bitmap_index = 22892, .adv_w = 354, .box_w = 25, .box_h = 46, .ofs_x = 0, .ofs_y = 0},
    {.bitmap_index = 23180, .adv_w = 666, .box_w = 35, .box_h = 45, .ofs_x = 2, .ofs_y = -12},
    {.bitmap_index = 23574, .adv_w = 658, .box_w = 33, .box_h = 46, .ofs_x = 4, .ofs_y = 0},
    {.bitmap_index = 23954, .adv_w = 277, .box_w = 11, .box_h = 48, .ofs_x = 3, .ofs_y = 0},
    {.bitmap_index = 24086, .adv_w = 283, .box_w = 20, .box_h = 60, .ofs_x = -6, .ofs_y = -12},
    {.bitmap_index = 24386, .adv_w = 610, .box_w = 35, .box_h = 46, .ofs_x = 4, .ofs_y = 0},
    {.bitmap_index = 24789, .adv_w = 277, .box_w = 9, .box_h = 46, .ofs_x = 4, .ofs_y = 0},
    {.bitmap_index = 24893, .adv_w = 1011, .box_w = 55, .box_h = 33, .ofs_x = 4, .ofs_y = 0},
    {.bitmap_index = 25347, .adv_w = 658, .box_w = 33, .box_h = 33, .ofs_x = 4, .ofs_y = 0},
    {.bitmap_index = 25620, .adv_w = 619, .box_w = 35, .box_h = 33, .ofs_x = 2, .ofs_y = 0},
    {.bitmap_index = 25909, .adv_w = 659, .box_w = 35, .box_h = 45, .ofs_x = 4, .ofs_y = -12},
    {.bitmap_index = 26303, .adv_w = 659, .box_w = 35, .box_h = 45, .ofs_x = 2, .ofs_y = -12},
    {.bitmap_index = 26697, .adv_w = 403, .box_w = 20, .box_h = 33, .ofs_x = 4, .ofs_y = 0},
    {.bitmap_index = 26862, .adv_w = 494, .box_w = 29, .box_h = 33, .ofs_x = 1, .ofs_y = 0},
    {.bitmap_index = 27102, .adv_w = 407, .box_w = 25, .box_h = 41, .ofs_x = 0, .ofs_y = 0},
    {.bitmap_index = 27359, .adv_w = 654, .box_w = 32, .box_h = 33, .ofs_x = 4, .ofs_y = 0},
    {.bitmap_index = 27623, .adv_w = 555, .box_w = 36, .box_h = 33, .ofs_x = -1, .ofs_y = 0},
    {.bitmap_index = 27920, .adv_w = 882, .box_w = 55, .box_h = 33, .ofs_x = 0, .ofs_y = 0},
    {.bitmap_index = 28374, .adv_w = 550, .box_w = 34, .box_h = 33, .ofs_x = 0, .ofs_y = 0},
    {.bitmap_index = 28655, .adv_w = 555, .box_w = 37, .box_h = 45, .ofs_x = -2, .ofs_y = -12},
    {.bitmap_index = 29072, .adv_w = 511, .box_w = 28, .box_h = 33, .ofs_x = 2, .ofs_y = 0},
    {.bitmap_index = 29303, .adv_w = 355, .box_w = 19, .box_h = 58, .ofs_x = 3, .ofs_y = -12},
    {.bitmap_index = 29579, .adv_w = 291, .box_w = 8, .box_h = 58, .ofs_x = 5, .ofs_y = -12},
    {.bitmap_index = 29695, .adv_w = 355, .box_w = 18, .box_h = 58, .ofs_x = 1, .ofs_y = -12},
    {.bitmap_index = 29956, .adv_w = 566, .box_w = 30, .box_h = 11, .ofs_x = 3, .ofs_y = 16}
};

/*---------------------
 *  CHARACTER MAPPING
 *--------------------*/



/*Collect the unicode lists and glyph_id offsets*/
static const lv_font_fmt_txt_cmap_t cmaps[] =
{
    {
        .range_start = 32, .range_length = 95, .glyph_id_start = 1,
        .unicode_list = NULL, .glyph_id_ofs_list = NULL, .list_length = 0, .type = LV_FONT_FMT_TXT_CMAP_FORMAT0_TINY
    }
};

/*-----------------
 *    KERNING
 *----------------*/


/*Map glyph_ids to kern left classes*/
static const uint8_t kern_left_class_mapping[] =
{
    0, 0, 1, 2, 0, 3, 4, 5,
    2, 6, 0, 7, 8, 9, 8, 9,
    10, 11, 0, 12, 13, 14, 15, 16,
    17, 18, 11, 19, 19, 0, 0, 0,
    20, 21, 0, 0, 0, 0, 0, 0,
    0, 0, 0, 0, 0, 0, 0, 0,
    0, 0, 0, 0, 0, 0, 0, 0,
    0, 0, 0, 0, 22, 23, 0, 0,
    24, 0, 0, 0, 0, 0, 0, 0,
    0, 0, 0, 0, 0, 0, 0, 0,
    0, 0, 0, 0, 0, 0, 0, 0,
    0, 0, 0, 0, 22, 0, 0, 8
};

/*Map glyph_ids to kern right classes*/
static const uint8_t kern_right_class_mapping[] =
{
    0, 0, 1, 2, 0, 3, 4, 5,
    2, 0, 6, 7, 8, 9, 8, 9,
    10, 11, 12, 13, 14, 15, 16, 11,
    17, 18, 19, 20, 20, 0, 0, 0,
    21, 22, 0, 0, 0, 0, 0, 0,
    0, 0, 0, 0, 0, 0, 0, 0,
    0, 0, 0, 0, 0, 0, 0, 0,
    0, 0, 0, 0, 23, 24, 25, 0,
    26, 0, 0, 0, 0, 0, 0, 0,
    0, 0, 0, 0, 0, 0, 0, 0,
    0, 0, 0, 0, 0, 0, 0, 0,
    0, 0, 0, 0, 0, 0, 25, 8
};

/*Kern values between classes*/
static const int8_t kern_class_values[] =
{
    0, 1, 0, 0, 0, 0, 6, 0,
    1, 0, 0, 9, 0, 0, 0, 0,
    4, 0, 0, 0, 0, 0, 0, 0,
    1, 0, 1, 38, 0, 21, -17, 0,
    17, 0, -47, -51, 4, 38, 17, 13,
    -34, 4, 38, 0, 34, 9, 26, -13,
    0, 51, 9, -4, 0, -26, 0, 0,
    0, 0, -17, 13, 17, 0, 0, -9,
    0, -4, 9, 0, -9, 0, -9, -4,
    -17, 0, 0, -9, 0, -17, 0, -21,
    0, -105, 0, -17, -43, 17, 26, 0,
    0, -17, 9, 9, 28, 17, -13, 17,
    0, 0, -47, 0, 0, -30, 0, 0,
    -10, -38, 0, -34, -4, 0, -26, 0,
    -1, 30, 0, -26, -9, -1, 1, 0,
    -13, 0, 0, -6, -60, 0, 0, -68,
    -9, 26, 0, 0, 0, 0, 0, 0,
    0, 0, 0, 30, 0, 9, 0, 0,
    -17, 0, 0, 0, 0, 0, 0, 0,
    0, 34, 9, 1, 6, 17, 9, 26,
    -9, 0, 17, -9, -30, -115, 4, 21,
    17, -1, -11, 0, 26, 0, 26, 0,
    26, 0, 0, 0, 1, -9, 0, 0,
    -13, -30, 0, 0, -9, 1, -6, 0,
    4, -17, -13, -17, 4, 0, -9, 0,
    0, 0, -34, 4, 0, -55, 0, 0,
    1, -47, 9, -55, 0, 0, -30, -6,
    0, 81, -10, -13, 9, 9, -4, 0,
    -13, 9, 0, 0, -47, -17, 0, -81,
    0, 9, 0, 51, -17, 0, -30, 30,
    0, -60, -81, -60, -17, 26, 0, 0,
    -55, 0, 9, -21, 0, -13, 0, -17,
    0, 17, 26, -102, 0, 4, 0, 0,
    0, 0, 4, 4, -10, -17, 0, -1,
    -1, -9, 0, 0, -4, 0, 0, 0,
    -17, 0, 0, -17, 0, -17, 0, 0,
    0, 9, -4, 0, 0, -4, 9, 9,
    0, 0, 0, 0, -13, 0, 0, 0,
    0, 0, 0, 0, 0, -4, 0, 26,
    0, -9, 0, -9, 0, 0, 0, 0,
    0, 0, 0, 0, -4, -4, 0, -9,
    -9, 0, 0, 0, 0, 0, 0, 0,
    0, 0, 0, -26, -4, -26, 17, 0,
    -17, 9, 17, 21, 0, -21, 0, -9,
    0, 0, -38, 9, -4, 6, -47, 9,
    0, -43, 0, 17, 0, 0, 0, -9,
    0, 0, -9, 0, 0, 0, 0, 0,
    -4, -4, 0, -4, -11, 0, 0, 0,
    0, 0, 0, -9, 0, 0, 0, -4,
    0, -17, 9, 0, -9, 4, 9, 9,
    0, 0, 0, 0, 0, 0, -4, 0,
    0, 0, 0, 0, 0, 0, 0, 0,
    0, 26, -4, 1, -26, 0, 21, -43,
    -43, -34, -17, 9, 0, -7, -55, -15,
    0, -15, 0, -17, 13, -15, 0, 9,
    3, -26, 0, 0, 0, -9, 0, 0,
    4, 0, 9, 0, 0, 0, 0, 0,
    0, 0, 0, 0, 0, 0, -9, 0,
    0, -26, 0, 0, 0, 9, 0, 0,
    0, 0, 0, 0, 0, 43, 0, 0,
    0, 0, 0, 0, 4, 0, 0, 0,
    -9, 0, 0, -17, 0, 9, -4, 0,
    0, 0, -13, 0, 9, 0, -43, -26,
    0, 0, 0, -13, -43, 0, 0, -9,
    9, 0, -34, -1, -10, 0, 0, -15,
    0, -13, 0, 0, 0, 9, 0, 4,
    -17, -17, 0, -9, -9, -10, 0, 0,
    0, 0, 0, 0, -26, 0, 0, -17,
    9, -26, 1, 9, 0, 0, 0, 9,
    1, -5, 0, 34, 0, 17, 1, 1,
    -13, 0, 17, 0, 0, 0, 9, 0,
    0, 26, 0, 26, 0, -51, 0, -9,
    13, 26, -115, 0, 81, 9, -17, -17,
    9, 9, -4, 1, -43, 0, 0, 43,
    -51, -17, 0, -60, 34, 119, 0, -4,
    17, -21, 0, 1, -9, 0, 9, 107,
    -17, -7, 26, 21, -21, 9, 0, 0,
    9, 9, -13, -26, 0, -111, 26, 0
};


/*Collect the kern class' data in one place*/
static const lv_font_fmt_txt_kern_classes_t kern_classes =
{
    .class_pair_values   = kern_class_values,
    .left_class_mapping  = kern_left_class_mapping,
    .right_class_mapping = kern_right_class_mapping,
    .left_class_cnt      = 24,
    .right_class_cnt     = 26,
};

/*--------------------
 *  ALL CUSTOM DATA
 *--------------------*/

#if LVGL_VERSION_MAJOR == 8
/*Store all the custom data of the font*/
static  lv_font_fmt_txt_glyph_cache_t cache;
#endif

#if LVGL_VERSION_MAJOR >= 8
static const lv_font_fmt_txt_dsc_t font_dsc = {
#else
static lv_font_fmt_txt_dsc_t font_dsc = {
#endif
    .glyph_bitmap = glyph_bitmap,
    .glyph_dsc = glyph_dsc,
    .cmaps = cmaps,
    .kern_dsc = &kern_classes,
    .kern_scale = 18,
    .cmap_num = 1,
    .bpp = 2,
    .kern_classes = 1,
    .bitmap_format = 0,
#if LVGL_VERSION_MAJOR == 8
    .cache = &cache
#endif
};



/*-----------------
 *  PUBLIC FONT
 *----------------*/

/*Initialize a public general font descriptor*/
#if LVGL_VERSION_MAJOR >= 8
const lv_font_t font_arrow_data = {
#else
lv_font_t font_arrow_data = {
#endif
    .get_glyph_dsc = lv_font_get_glyph_dsc_fmt_txt,    /*Function pointer to get glyph's data*/
    .get_glyph_bitmap = lv_font_get_bitmap_fmt_txt,    /*Function pointer to get glyph's bitmap*/
    .line_height = 64,          /*The maximum line height required by the font*/
    .base_line = 12,             /*Baseline measured from the bottom of the line*/
#if !(LVGL_VERSION_MAJOR == 6 && LVGL_VERSION_MINOR == 0)
    .subpx = LV_FONT_SUBPX_NONE,
#endif
#if LV_VERSION_CHECK(7, 4, 0) || LVGL_VERSION_MAJOR >= 8
    .underline_position = -6,
    .underline_thickness = 3,
#endif
    .dsc = &font_dsc,          /*The custom font data. Will be accessed by `get_glyph_bitmap/dsc` */
#if LV_VERSION_CHECK(8, 2, 0) || LVGL_VERSION_MAJOR >= 9
    .fallback = NULL,
#endif
    .user_data = NULL,
};



#endif /*#if FONT_ARROW_DATA*/

